trial,seed,n_sources,n_dir,cleared,dir_cleared,remaining,is_full_cleared,time_s,walk_m,measures,replans,steps,cover_visits,stop_reason,final_mean_mass,wall_s
0,102030,11,6,11,6,,True,6047.70,22168.5,261,40,40,19,epsilon,0.00256,4.308
1,202033,10,2,10,2,,True,6029.30,21281.5,288,46,46,19,epsilon,0.00256,9.389
2,302036,15,8,15,8,,True,7216.05,26260.2,318,60,60,19,epsilon,0.00250,18.098
3,402039,12,7,12,7,,True,6640.59,23863.0,302,40,40,19,epsilon,0.00256,3.444
4,502042,14,8,14,8,,True,7203.30,26801.5,296,47,47,19,epsilon,0.00256,5.056
5,602045,12,6,12,6,,True,6902.34,23906.7,344,55,55,19,epsilon,0.00256,10.810
6,702048,11,7,11,7,,True,6713.64,23288.2,334,53,53,19,epsilon,0.00256,15.475
7,802051,12,5,12,5,,True,7865.35,30396.7,290,47,47,19,epsilon,0.00256,5.906
8,902054,13,7,13,7,,True,6765.75,24658.7,296,44,44,19,epsilon,0.00256,8.930
9,1002057,13,9,13,9,,True,6174.83,22249.2,277,41,41,19,epsilon,0.00256,4.456
10,1102060,11,3,11,3,,True,7645.79,26383.9,386,64,64,19,epsilon,0.00256,37.080
11,1202063,11,7,11,7,,True,6548.25,23726.2,294,49,49,19,epsilon,0.00256,5.515
12,1302066,12,5,12,5,,True,6409.50,22792.5,299,47,47,19,epsilon,0.00256,10.938
13,1402069,14,6,14,6,,True,7077.85,26224.2,295,52,52,19,epsilon,0.00256,8.734
14,1502072,10,7,10,7,,True,6524.19,23286.0,303,52,52,19,epsilon,0.00256,13.901
15,1602075,10,5,10,5,,True,6059.48,21647.4,281,38,38,19,epsilon,0.00256,4.227
16,1702078,13,5,13,5,,True,6370.56,23192.8,280,55,55,19,epsilon,0.00256,14.568
17,1802081,10,6,10,6,,True,7509.78,27143.9,340,63,63,19,epsilon,0.00256,27.297
18,1902084,11,6,11,6,,True,5724.68,19603.4,292,44,44,19,epsilon,0.00252,6.398
19,2002087,15,7,15,7,,True,7419.39,27407.0,312,60,60,19,epsilon,0.00256,12.854
20,2102090,11,3,11,3,,True,6888.67,24118.4,335,58,58,19,epsilon,0.00256,24.866
21,2202093,13,5,13,5,,True,6107.30,21721.5,283,50,50,19,epsilon,0.00276,13.728
22,2302096,11,7,11,7,,True,9378.68,31173.4,516,88,88,19,epsilon,0.00256,215.102
23,2402099,13,8,13,8,,True,6447.52,22622.6,311,44,44,19,epsilon,0.00256,4.645
24,2502102,15,8,15,8,,True,7275.82,25579.1,349,68,68,19,epsilon,0.00256,28.421
25,2602105,16,11,16,11,,True,6180.56,22867.8,257,54,54,17,certificate,0.00000,6.349
26,2702108,10,6,10,6,,True,6660.15,21970.7,370,54,54,19,epsilon,0.00256,10.775
27,2802111,11,6,11,6,,True,6397.38,23661.9,269,43,43,19,epsilon,0.00256,13.279
28,2902114,12,5,12,5,,True,6554.05,22705.3,326,50,50,19,epsilon,0.00256,12.057
29,3002117,12,6,12,6,,True,5797.68,20788.4,264,39,39,19,epsilon,0.00256,3.370
30,3102120,16,4,16,4,,True,5679.51,20447.6,252,45,45,18,certificate,0.00000,11.204
31,3202123,10,5,10,5,,True,6581.05,23595.2,303,44,44,19,epsilon,0.00256,5.923
32,3302126,16,10,16,10,,True,6102.05,21865.3,276,48,48,16,certificate,0.00000,7.604
33,3402129,11,8,11,8,,True,6895.70,25268.5,298,38,38,19,epsilon,0.00256,5.807
34,3502132,16,10,16,10,,True,5298.42,18327.1,259,42,42,12,certificate,0.00000,9.662
35,3602135,15,9,15,9,,True,7598.36,29511.8,272,59,59,19,epsilon,0.00256,20.848
36,3702138,10,7,10,7,,True,5988.46,21172.3,285,37,37,19,epsilon,0.00256,7.156
37,3802141,10,6,10,6,,True,10065.97,39454.8,357,63,63,19,epsilon,0.00256,14.619
38,3902144,15,9,15,9,,True,6796.64,24798.2,295,57,57,19,epsilon,0.00256,10.207
39,4002147,14,7,14,7,,True,6149.49,23312.4,237,44,44,19,epsilon,0.00256,8.902
40,4102150,16,6,16,6,,True,5103.19,19196.0,201,55,55,13,certificate,0.00000,10.187
41,4202153,12,5,12,5,,True,6194.88,22484.4,274,46,46,19,epsilon,0.00256,10.284
42,4302156,11,7,11,7,,True,5920.02,21220.1,271,39,39,19,epsilon,0.00256,5.008
43,4402159,15,9,15,9,,True,6214.69,22413.5,277,50,50,19,epsilon,0.00256,6.800
44,4502162,13,8,13,8,,True,6563.51,23392.6,306,51,51,19,epsilon,0.00256,7.759
45,4602165,11,7,11,7,,True,6198.50,21767.5,300,37,37,19,epsilon,0.00256,3.408
46,4702168,14,9,14,9,,True,6777.80,23724.0,328,54,54,19,epsilon,0.00256,11.101
47,4802171,12,2,12,2,,True,6326.21,22516.1,295,48,48,19,epsilon,0.00256,11.223
48,4902174,15,8,15,8,,True,6458.43,23457.1,285,60,60,19,epsilon,0.00256,19.424
49,5002177,11,6,11,6,,True,6364.46,23142.3,283,46,46,19,epsilon,0.00256,10.892
50,5102180,11,4,11,4,,True,7033.48,24737.4,340,56,56,19,epsilon,0.00256,25.600
51,5202183,12,8,12,8,,True,6997.69,25238.5,316,49,49,19,epsilon,0.00256,18.656
52,5302186,16,8,16,8,,True,7304.48,27042.4,305,71,71,14,certificate,0.00000,44.375
53,5402189,15,5,15,5,,True,7407.92,25769.6,364,64,64,19,epsilon,0.00256,51.992
54,5502192,10,2,10,2,,True,6001.57,20752.9,300,40,40,19,epsilon,0.00256,6.880
55,5602195,15,9,15,9,,True,7023.75,26488.8,277,56,56,19,epsilon,0.00256,12.217
56,5702198,14,11,14,11,,True,7159.60,25928.0,318,50,50,19,epsilon,0.00256,11.931
57,5802201,15,9,15,9,,True,7066.64,26218.2,294,55,55,19,epsilon,0.00256,8.973
58,5902204,16,6,16,6,,True,7166.46,26692.3,294,72,72,13,certificate,0.00000,33.556
59,6002207,11,5,11,5,,True,6065.63,21553.2,284,36,36,19,epsilon,0.00256,4.078
60,6102210,13,8,13,8,,True,6439.83,23319.1,286,50,50,19,epsilon,0.00256,11.162
61,6202213,16,6,16,6,,True,6687.77,25213.8,264,64,64,14,certificate,0.00000,27.179
62,6302216,16,8,16,8,,True,6762.00,25005.0,282,63,63,17,certificate,0.00000,22.973
63,6402219,16,5,15,4,,False,6396.18,23595.9,268,51,51,19,epsilon,0.00256,6.215
64,6502222,12,5,12,5,,True,6481.98,23909.9,274,38,38,19,epsilon,0.00256,11.766
65,6602225,15,11,15,11,,True,8162.93,30574.7,330,63,63,19,epsilon,0.00256,14.489
66,6702228,12,5,12,5,,True,5455.02,18980.1,267,37,37,19,epsilon,0.00256,4.152
67,6802231,11,7,11,7,,True,6318.92,21549.6,326,38,38,19,epsilon,0.00256,9.441
68,6902234,16,5,16,5,,True,6180.84,22164.2,283,74,74,14,certificate,0.00000,37.286
69,7002237,13,7,13,7,,True,6569.46,23572.3,300,49,49,19,epsilon,0.00256,9.250
70,7102240,13,8,13,8,,True,6223.54,21502.7,310,44,44,19,epsilon,0.00260,9.590
71,7202243,13,3,13,3,,True,7534.50,27197.5,342,71,71,19,epsilon,0.00256,42.298
72,7302246,10,2,10,2,,True,6788.64,23633.2,336,50,50,19,epsilon,0.00256,22.658
73,7402249,11,4,11,4,,True,6512.73,23158.7,306,39,39,19,epsilon,0.00256,10.974
74,7502252,13,6,13,6,,True,6739.55,23617.7,326,57,57,19,epsilon,0.00256,25.332
75,7602255,15,8,15,8,,True,7359.69,25688.4,360,79,79,19,epsilon,0.00256,208.017
76,7702258,15,8,15,8,,True,8223.81,32149.0,288,58,58,19,epsilon,0.00256,26.847
77,7802261,12,6,12,6,,True,6848.08,23945.4,334,52,52,19,epsilon,0.00256,49.924
78,7902264,14,9,14,9,,True,5908.36,22166.8,235,41,41,19,epsilon,0.00256,7.228
79,8002267,12,5,12,5,,True,7204.07,26185.4,319,52,52,19,epsilon,0.00256,27.047
80,8102270,13,9,13,9,,True,6572.79,23258.9,310,52,52,19,epsilon,0.00256,37.616
81,8202273,13,7,13,7,,True,6242.28,22531.4,279,41,41,19,epsilon,0.00241,12.884
82,8302276,16,10,16,10,,True,5028.23,17246.2,250,35,35,14,certificate,0.00000,13.102
83,8402279,11,5,11,5,,True,6351.08,22370.4,305,42,42,19,epsilon,0.00256,10.695
84,8502282,16,10,16,10,,True,6161.70,22553.5,263,53,53,16,certificate,0.00000,16.842
85,8602285,10,2,10,2,,True,5595.29,19211.5,284,34,34,19,epsilon,0.00256,9.930
86,8702288,16,4,16,4,,True,5764.93,21459.7,235,57,57,11,certificate,0.00000,48.505
87,8802291,13,8,13,8,,True,5973.14,21360.7,274,42,42,19,epsilon,0.00256,9.531
88,8902294,10,7,10,7,,True,6154.17,21150.8,314,36,36,19,epsilon,0.00256,8.740
89,9002297,13,7,13,7,,True,6125.34,22366.7,265,41,41,19,epsilon,0.00256,7.434
90,9102300,10,4,10,4,,True,6340.81,21909.0,319,44,44,19,epsilon,0.00256,14.462
91,9202303,16,9,16,9,,True,7074.75,24633.7,344,60,60,16,certificate,0.00000,47.569
92,9302306,15,8,15,8,,True,6240.17,23230.8,255,42,42,19,epsilon,0.00256,13.267
93,9402309,12,7,12,7,,True,6076.96,21909.8,274,43,43,19,epsilon,0.00244,8.560
94,9502312,14,8,14,8,,True,6692.59,24063.0,302,54,54,19,epsilon,0.00256,18.673
95,9602315,15,7,15,7,,True,6439.81,24199.1,256,59,59,19,epsilon,0.00256,20.025
96,9702318,12,4,12,4,,True,6228.75,21703.8,305,40,40,19,epsilon,0.00256,20.516
97,9802321,13,3,13,3,,True,6363.71,23038.5,283,51,51,19,epsilon,0.00256,25.812
98,9902324,15,2,15,2,,True,6800.94,25584.7,269,49,49,19,epsilon,0.00256,21.297
99,10002327,13,11,13,11,,True,6389.91,22304.6,311,39,39,19,epsilon,0.00256,9.228
100,10102330,13,7,13,7,,True,6238.91,21764.6,304,50,50,19,epsilon,0.00256,11.447
101,10202333,13,3,13,3,,True,6528.56,21932.8,347,60,60,19,epsilon,0.00256,156.434
102,10302336,12,8,12,8,,True,6001.16,21445.8,276,42,42,19,epsilon,0.00256,10.855
103,10402339,15,7,15,7,,True,6598.95,23399.8,309,62,62,19,epsilon,0.00256,47.390
104,10502342,12,3,12,3,,True,7065.45,24987.3,335,63,63,19,epsilon,0.00256,60.042
105,10602345,16,6,16,6,,True,5607.85,20114.3,252,41,41,16,certificate,0.00000,11.135
106,10702348,16,6,16,6,,True,6114.18,22810.9,249,76,76,11,certificate,0.00000,55.416
107,10802351,15,5,15,5,,True,7922.43,27877.2,379,71,71,19,epsilon,0.00256,68.528
108,10902354,11,3,11,3,,True,6924.34,25181.7,306,51,51,19,epsilon,0.00256,24.506
109,11002357,12,6,12,6,,True,7508.63,26243.1,372,79,79,19,epsilon,0.00256,48.077
110,11102360,12,5,12,5,,True,7620.73,27603.6,341,54,54,19,epsilon,0.00256,20.276
111,11202363,12,6,12,6,,True,6252.28,22296.4,291,47,47,19,epsilon,0.00256,11.534
112,11302366,16,10,16,10,,True,4983.10,16980.5,252,47,47,6,certificate,0.00000,77.338
113,11402369,15,8,15,8,,True,7192.52,26282.6,314,71,71,19,epsilon,0.00256,39.802
114,11502372,13,6,13,6,,True,6890.21,24181.1,333,55,55,19,epsilon,0.00256,15.506
115,11602375,11,6,11,6,,True,7025.37,25241.8,322,49,49,19,epsilon,0.00256,16.023
116,11702378,12,6,12,6,,True,6487.15,23250.7,297,45,45,19,epsilon,0.00256,13.534
117,11802381,14,8,14,8,,True,7941.50,28212.5,372,58,58,19,epsilon,0.00256,47.517
118,11902384,16,13,16,13,,True,5972.24,21996.2,250,44,44,16,certificate,0.00000,16.696
119,12002387,12,6,12,6,,True,7127.84,25004.2,346,68,68,19,epsilon,0.00256,49.339
120,12102390,10,5,10,5,,True,6143.64,21268.2,307,41,41,19,epsilon,0.00256,11.499
121,12202393,12,5,12,5,,True,6041.03,21155.1,293,38,38,19,epsilon,0.00256,9.975
122,12302396,12,4,12,4,,True,6347.55,22452.7,300,41,41,19,epsilon,0.00251,8.581
123,12402399,11,5,11,5,,True,6121.63,21423.1,297,35,35,19,epsilon,0.00256,9.609
124,12502402,10,4,10,4,,True,6137.89,21489.5,299,43,43,19,epsilon,0.00256,42.776
125,12602405,10,4,10,4,,True,7261.49,25462.4,355,70,70,19,epsilon,0.00256,79.083
126,12702408,10,6,10,6,,True,6380.30,22946.5,292,35,35,19,epsilon,0.00256,7.652
127,12802411,15,9,15,9,,True,6864.14,25560.7,281,53,53,19,epsilon,0.00256,16.737
128,12902414,11,6,11,6,,True,7091.72,26613.6,287,45,45,19,epsilon,0.00256,10.871
129,13002417,16,9,16,9,,True,6398.47,23712.4,263,41,41,17,certificate,0.00000,20.858
130,13102420,16,7,16,7,,True,5528.43,19312.1,265,57,57,14,certificate,0.00000,105.187
131,13202423,10,5,10,5,,True,5555.30,19931.5,254,31,31,19,epsilon,0.00256,6.341
132,13302426,16,9,16,9,,True,6220.87,23069.3,257,54,54,17,certificate,0.00000,20.940
133,13402429,11,4,11,4,,True,6856.03,23870.1,339,55,55,19,epsilon,0.00256,79.478
134,13502432,13,7,13,7,,True,6328.65,22713.3,288,45,45,19,epsilon,0.00256,13.440
135,13602435,13,6,13,6,,True,7912.17,28765.8,352,65,65,19,epsilon,0.00256,51.951
136,13702438,10,5,10,5,,True,6868.13,23525.6,353,52,52,19,epsilon,0.00245,31.486
137,13802441,13,10,13,10,,True,6497.14,24390.7,260,42,42,19,epsilon,0.00256,7.069
138,13902444,15,9,15,9,,True,7770.32,29311.6,310,77,77,19,epsilon,0.00256,28.886
139,14002447,12,3,12,3,,True,5790.21,20171.0,283,44,44,19,epsilon,0.00256,29.928
140,14102450,16,12,16,12,,True,7278.31,26996.5,304,82,82,16,certificate,0.00000,43.239
141,14202453,15,11,15,11,,True,7889.54,29267.7,331,74,74,19,epsilon,0.00252,47.349
142,14302456,13,7,13,7,,True,6680.08,23590.4,316,50,50,19,epsilon,0.00256,20.338
143,14402459,16,7,16,7,,True,5510.07,19710.4,249,45,45,13,certificate,0.00000,21.526
144,14502462,16,4,16,4,,True,6292.06,23430.3,256,60,60,8,certificate,0.00000,92.955
145,14602465,14,4,14,4,,True,6574.73,22938.6,320,59,59,19,epsilon,0.00256,46.026
146,14702468,15,8,15,8,,True,7313.07,27520.4,290,53,53,19,epsilon,0.00256,19.568
147,14802471,16,8,16,8,,True,5859.19,20430.9,283,45,45,17,certificate,0.00000,24.140
148,14902474,15,9,15,9,,True,6630.23,24596.2,274,41,41,19,epsilon,0.00251,22.579
149,15002477,14,5,14,5,,True,8373.77,29723.9,396,89,89,19,epsilon,0.00256,121.400
150,15102480,11,6,11,6,,True,7674.00,27805.0,349,76,76,19,epsilon,0.00256,48.048
151,15202483,12,7,12,7,,True,7185.55,25547.8,337,55,55,19,epsilon,0.00256,33.837
152,15302486,12,8,12,8,,True,6833.27,24021.4,329,54,54,19,epsilon,0.00256,34.729
153,15402489,16,10,16,10,,True,6644.55,22752.7,336,56,56,16,certificate,0.00000,31.359
154,15502492,15,9,15,9,,True,7604.23,27126.1,352,64,64,19,epsilon,0.00256,22.506
155,15602495,13,7,13,7,,True,6265.98,22759.9,276,47,47,19,epsilon,0.00256,23.089
156,15702498,10,4,10,4,,True,6370.13,22190.7,315,43,43,19,epsilon,0.00256,12.349
157,15802501,12,10,12,10,,True,6166.32,20766.6,326,36,36,19,epsilon,0.00256,6.201
158,15902504,11,5,11,5,,True,7073.96,25084.8,334,60,60,19,epsilon,0.00256,35.855
159,16002507,14,9,14,9,,True,6487.86,23014.3,303,48,48,19,epsilon,0.00256,11.474
160,16102510,14,7,14,7,,True,6762.90,26014.5,249,52,52,19,epsilon,0.00250,22.700
161,16202513,15,9,15,9,,True,7367.67,26393.4,336,49,49,19,epsilon,0.00256,18.582
162,16302516,14,8,14,8,,True,6744.52,25122.6,277,59,59,19,epsilon,0.00256,15.866
163,16402519,13,8,13,8,,True,6961.10,24600.5,331,63,63,19,epsilon,0.00256,27.041
164,16502522,15,10,15,10,,True,7056.18,25780.9,305,56,56,19,epsilon,0.00246,28.666
165,16602525,11,6,11,6,,True,5834.53,20717.7,274,34,34,19,epsilon,0.00256,5.230
166,16702528,15,7,15,7,,True,7947.06,31740.3,258,63,63,19,epsilon,0.00256,11.794
167,16802531,16,9,16,9,,True,6021.77,22293.8,249,49,49,18,certificate,0.00000,21.182
168,16902534,11,5,11,5,,True,7110.21,23721.0,385,47,47,19,epsilon,0.00243,23.826
169,17002537,15,9,15,9,,True,8044.43,28697.2,373,83,83,19,epsilon,0.00256,78.488
170,17102540,12,7,12,7,,True,7556.48,28287.4,311,65,65,19,epsilon,0.00256,22.133
171,17202543,10,6,10,6,,True,6206.42,21647.1,305,41,41,19,epsilon,0.00256,8.721
172,17302546,16,7,16,7,,True,5431.29,20121.5,221,44,44,16,certificate,0.00000,10.889
173,17402549,14,11,14,11,,True,7176.79,26508.9,304,68,68,19,epsilon,0.00256,29.618
174,17502552,13,6,13,6,,True,6737.82,22789.1,353,56,56,19,epsilon,0.00256,23.236
175,17602555,16,6,16,6,,True,4580.71,16728.5,194,35,35,8,certificate,0.00000,14.408
176,17702558,14,5,14,5,,True,6680.22,23976.1,303,58,58,19,epsilon,0.00256,35.169
177,17802561,11,4,11,4,,True,6134.19,22235.9,274,41,41,19,epsilon,0.00256,14.739
178,17902564,10,5,10,5,,True,6542.39,22907.0,320,47,47,19,epsilon,0.00256,17.849
179,18002567,11,6,11,6,,True,6982.75,24643.7,334,47,47,19,epsilon,0.00256,10.716
180,18102570,16,7,16,7,,True,7646.62,27543.1,343,70,70,14,certificate,0.00000,74.804
181,18202573,13,8,13,8,,True,6615.56,23722.8,302,42,42,19,epsilon,0.00256,41.675
182,18302576,14,9,14,9,,True,6458.38,23756.9,274,52,52,19,epsilon,0.00256,27.892
183,18402579,10,4,10,4,,True,6302.29,21736.4,318,55,55,19,epsilon,0.00256,30.777
184,18502582,16,6,16,6,,True,5645.27,19816.3,269,47,47,16,certificate,0.00000,13.375
185,18602585,12,5,12,5,,True,5888.86,21289.3,263,41,41,19,epsilon,0.00256,5.837
186,18702588,16,7,16,7,,True,6307.74,22648.7,284,50,50,17,certificate,0.00000,18.748
187,18802591,14,10,14,10,,True,7335.14,25930.7,347,55,55,19,epsilon,0.00256,22.717
188,18902594,16,6,16,6,,True,5611.35,20526.7,241,58,58,10,certificate,0.00000,28.422
189,19002597,13,7,13,7,,True,6609.83,24314.1,282,44,44,19,epsilon,0.00256,8.630
190,19102600,14,5,14,5,,True,6971.74,25613.7,298,62,62,19,epsilon,0.00256,23.697
191,19202603,15,7,15,7,,True,6397.27,23561.4,269,43,43,19,epsilon,0.00250,13.689
192,19302606,11,1,11,1,,True,6407.94,23259.7,285,49,49,19,epsilon,0.00256,24.468
193,19402609,13,8,13,8,,True,6127.46,21872.3,283,41,41,19,epsilon,0.00256,5.166
194,19502612,11,6,11,6,,True,6299.46,22147.3,303,39,39,19,epsilon,0.00256,4.928
195,19602615,10,6,10,6,,True,6246.65,21493.2,317,47,47,19,epsilon,0.00256,11.767
196,19702618,12,6,12,6,,True,5869.60,21158.0,265,43,43,19,epsilon,0.00256,7.059
197,19802621,10,3,10,3,,True,6341.55,22312.8,306,43,43,19,epsilon,0.00256,8.252
198,19902624,13,10,13,10,,True,6862.64,24713.2,310,53,53,19,epsilon,0.00256,13.407
199,20002627,14,7,14,7,,True,6370.23,22491.2,302,47,47,19,epsilon,0.00256,17.506
200,20102630,16,9,16,9,,True,6315.68,23658.4,252,54,54,14,certificate,0.00000,20.937
201,20202633,13,7,13,7,,True,6532.42,24047.1,279,52,52,19,epsilon,0.00256,9.845
202,20302636,11,3,11,3,,True,5753.68,20418.4,270,36,36,19,epsilon,0.00256,3.937
203,20402639,16,6,16,6,,True,8617.36,31361.8,383,86,86,19,certificate,0.00000,66.418
204,20502642,14,10,14,10,,True,6670.07,24505.3,284,46,46,19,epsilon,0.00256,7.806
205,20602645,16,7,16,7,,True,8374.31,32501.5,301,68,68,17,certificate,0.00000,28.654
206,20702648,13,9,13,9,,True,6434.71,22668.5,307,48,48,19,epsilon,0.00256,12.660
207,20802651,12,5,12,5,,True,6813.02,24680.1,303,45,45,19,epsilon,0.00256,7.028
208,20902654,12,8,12,8,,True,7168.79,26399.0,306,45,45,19,epsilon,0.00256,10.144
209,21002657,14,7,14,7,,True,6325.55,23417.7,263,43,43,19,epsilon,0.00256,9.559
210,21102660,10,4,10,4,,True,6221.52,22227.6,289,37,37,19,epsilon,0.00256,4.479
211,21202663,10,3,10,3,,True,5660.02,19655.1,282,41,41,19,epsilon,0.00256,9.188
212,21302666,16,6,16,6,,True,5529.32,21256.6,200,41,41,15,certificate,0.00000,8.534
213,21402669,14,8,14,8,,True,7410.18,26890.9,328,63,63,19,epsilon,0.00256,21.717
214,21502672,16,6,16,6,,True,7471.79,28094.0,298,62,62,12,certificate,0.00000,36.218
215,21602675,12,6,12,6,,True,6652.38,22526.9,350,50,50,19,epsilon,0.00256,10.867
216,21702678,16,9,16,9,,True,6507.88,24339.4,263,61,61,17,certificate,0.00000,13.618
217,21802681,14,7,14,7,,True,6466.89,23384.5,288,49,49,19,epsilon,0.00256,10.671
218,21902684,15,11,15,11,,True,7199.90,25829.5,327,46,46,19,epsilon,0.00256,11.563
219,22002687,10,5,10,5,,True,5894.15,21045.8,273,33,33,19,epsilon,0.00256,4.795
220,22102690,14,6,14,6,,True,6942.41,25807.0,286,44,44,19,epsilon,0.00240,6.502
221,22202693,16,8,16,8,,True,6286.63,23898.1,238,56,56,19,certificate,0.00000,14.773
222,22302696,14,9,14,9,,True,7382.62,26813.1,327,64,64,19,epsilon,0.00256,23.491
223,22402699,10,1,10,1,,True,6114.47,21912.3,281,39,39,19,epsilon,0.00256,8.153
224,22502702,13,10,13,10,,True,6708.39,24026.9,307,52,52,19,epsilon,0.00256,8.624
225,22602705,11,7,11,7,,True,6748.69,24398.4,304,55,55,19,epsilon,0.00256,18.142
226,22702708,13,8,13,8,,True,6604.66,23333.3,313,42,42,19,epsilon,0.00249,6.357
227,22802711,11,7,11,7,,True,6274.66,21283.3,328,45,45,19,epsilon,0.00256,23.914
228,22902714,11,4,11,4,,True,7411.91,25369.5,381,59,59,19,epsilon,0.00256,24.837
229,23002717,13,9,13,9,,True,6667.61,24143.0,297,54,54,19,epsilon,0.00256,15.409
230,23102720,16,8,16,8,,True,6482.47,25012.4,234,38,38,18,certificate,0.00000,15.585
231,23202723,16,9,16,9,,True,7780.17,28640.9,331,69,69,17,certificate,0.00000,71.908
232,23302726,16,7,16,7,,True,5600.23,20721.2,232,50,50,16,certificate,0.00000,8.629
233,23402729,16,8,16,8,,True,6908.96,25464.8,291,54,54,18,certificate,0.00000,25.855
234,23502732,14,10,14,10,,True,7575.78,28288.9,309,59,59,19,epsilon,0.00256,17.113
235,23602735,11,7,11,7,,True,6029.15,20600.7,310,39,39,19,epsilon,0.00256,5.375
236,23702738,11,6,11,6,,True,7267.44,26017.2,335,54,54,19,epsilon,0.00256,21.188
237,23802741,12,4,12,4,,True,5869.00,21270.0,260,40,40,19,epsilon,0.00256,9.103
238,23902744,13,7,13,7,,True,6225.68,22513.4,279,56,56,19,epsilon,0.00256,16.660
239,24002747,12,6,12,6,,True,6515.05,23150.2,305,49,49,19,epsilon,0.00256,12.142
240,24102750,15,7,15,7,,True,6788.18,24605.9,302,62,62,19,epsilon,0.00256,16.487
241,24202753,12,9,12,9,,True,6846.79,23849.0,338,52,52,19,epsilon,0.00256,13.498
242,24302756,14,6,14,6,,True,7421.42,26647.1,338,47,47,19,epsilon,0.00256,9.285
243,24402759,13,4,13,4,,True,6053.21,22156.0,261,44,44,19,epsilon,0.00256,6.218
244,24502762,14,6,14,6,,True,6137.84,22734.2,254,42,42,19,epsilon,0.00256,10.008
245,24602765,16,11,16,11,,True,6690.56,25042.8,269,57,57,18,certificate,0.00000,14.422
246,24702768,16,9,16,9,,True,4933.61,18333.0,200,47,47,13,certificate,0.00000,11.784
247,24802771,16,11,16,11,,True,7053.50,25962.5,299,58,58,17,certificate,0.00000,17.364
248,24902774,12,4,12,4,,True,7045.84,25694.2,311,62,62,19,epsilon,0.00256,14.735
249,25002777,13,8,13,8,,True,6828.88,24464.4,313,54,54,19,epsilon,0.00256,10.578
250,25102780,13,7,13,7,,True,6500.46,24307.3,265,45,45,19,epsilon,0.00256,6.471
251,25202783,16,7,16,7,,True,8972.79,32964.0,386,98,98,16,certificate,0.00000,134.005
252,25302786,10,4,10,4,,True,6282.11,21950.6,308,40,40,19,epsilon,0.00256,5.888
253,25402789,10,7,10,7,,True,6297.90,21679.5,320,38,38,19,epsilon,0.00256,4.353
254,25502792,15,6,15,6,,True,7211.65,25713.2,333,63,63,19,epsilon,0.00256,51.772
255,25602795,12,6,12,6,,True,6583.08,24445.4,273,40,40,19,epsilon,0.00256,3.937
256,25702798,16,4,16,4,,True,7313.34,26436.7,327,80,80,14,certificate,0.00000,75.966
257,25802801,16,11,16,11,,True,6558.74,23933.7,283,52,52,16,certificate,0.00000,14.717
258,25902804,13,7,13,7,,True,6563.93,22784.6,324,51,51,19,epsilon,0.00256,53.102
259,26002807,14,8,14,8,,True,7305.50,26417.5,328,71,71,19,epsilon,0.00256,32.357
260,26102810,13,5,13,5,,True,7687.67,28223.4,335,82,82,19,epsilon,0.00256,34.342
261,26202813,14,8,14,8,,True,7109.60,24608.0,354,59,59,19,epsilon,0.00256,19.876
262,26302816,13,7,13,7,,True,8656.04,30145.2,431,82,82,19,epsilon,0.00256,111.424
263,26402819,11,8,11,8,,True,6750.01,23890.1,322,51,51,19,epsilon,0.00256,15.492
264,26502822,10,4,10,4,,True,6825.46,24757.3,307,60,60,19,epsilon,0.00256,18.237
265,26602825,10,3,10,3,,True,5824.08,19880.4,300,33,33,19,epsilon,0.00256,3.327
266,26702828,12,5,12,5,,True,6271.69,22508.4,286,45,45,19,epsilon,0.00256,11.854
267,26802831,15,8,15,8,,True,6011.93,21219.6,283,47,47,19,epsilon,0.00256,10.719
268,26902834,10,5,10,5,,True,6522.95,23734.8,289,45,45,19,epsilon,0.00256,7.932
269,27002837,13,10,13,10,,True,6930.64,25353.2,300,45,45,19,epsilon,0.00256,5.903
270,27102840,16,10,16,10,,True,6667.63,23713.1,308,56,56,15,certificate,0.00000,19.247
271,27202843,14,6,14,6,,True,6936.79,25343.9,300,52,52,19,epsilon,0.00256,22.517
272,27302846,16,8,16,8,,True,6598.87,23449.3,308,65,65,17,certificate,0.00000,26.254
273,27402849,10,3,10,3,,True,5758.78,19858.9,290,31,31,19,epsilon,0.00256,4.732
274,27502852,15,8,15,8,,True,6210.12,23665.6,235,48,48,19,epsilon,0.00256,8.849
275,27602855,14,9,14,9,,True,6813.11,24115.6,321,50,50,19,epsilon,0.00256,9.119
276,27702858,12,6,12,6,,True,6712.84,24404.2,297,51,51,19,epsilon,0.00256,11.048
277,27802861,10,5,10,5,,True,6400.49,22317.5,315,38,38,19,epsilon,0.00256,4.761
278,27902864,12,7,12,7,,True,6531.10,23025.5,311,47,47,19,epsilon,0.00256,23.349
279,28002867,16,8,16,8,,True,5781.10,20620.5,265,54,54,17,certificate,0.00000,13.359
280,28102870,12,6,12,6,,True,6543.63,24353.1,270,46,46,19,epsilon,0.00256,9.152
281,28202873,15,6,15,6,,True,6370.02,22780.1,291,57,57,19,epsilon,0.00256,21.419
282,28302876,14,3,14,3,,True,6417.89,23779.5,266,52,52,19,epsilon,0.00256,20.383
283,28402879,12,7,12,7,,True,7474.12,26810.6,344,60,60,19,epsilon,0.00256,19.234
284,28502882,15,4,15,4,,True,6116.65,22448.2,259,44,44,19,epsilon,0.00256,7.896
285,28602885,10,5,10,5,,True,6161.81,20914.0,323,41,41,19,epsilon,0.00256,4.797
286,28702888,15,5,15,5,,True,7747.35,27711.8,358,65,65,19,epsilon,0.00256,28.979
287,28802891,14,10,14,10,,True,6826.82,24539.1,311,58,58,19,epsilon,0.00256,15.238
288,28902894,16,7,16,7,,True,7502.27,26601.4,352,71,71,18,certificate,0.00000,56.225
289,29002897,13,8,13,8,,True,6274.53,23082.7,266,43,43,19,epsilon,0.00256,9.034
290,29102900,12,4,12,4,,True,6890.34,24666.7,318,56,56,19,epsilon,0.00256,18.375
291,29202903,15,9,15,9,,True,7093.05,25615.3,317,64,64,19,epsilon,0.00256,19.225
292,29302906,11,6,11,6,,True,6604.77,23488.9,310,47,47,19,epsilon,0.00256,10.276
293,29402909,15,8,15,8,,True,6539.12,24615.6,258,46,46,19,epsilon,0.00256,8.226
294,29502912,16,10,16,10,,True,6352.59,23377.9,267,47,47,17,certificate,0.00000,10.422
295,29602915,15,5,15,5,,True,5937.53,21102.6,274,48,48,19,epsilon,0.00256,16.413
296,29702918,13,11,13,11,,True,7631.29,28156.5,325,65,65,19,epsilon,0.00256,26.255
297,29802921,16,8,16,8,,True,6884.18,24345.9,324,76,76,13,certificate,0.00000,60.354
298,29902924,11,6,11,6,,True,6403.51,23022.6,292,48,48,19,epsilon,0.00256,11.103
299,30002927,16,9,16,9,,True,6320.55,22492.7,291,50,50,17,certificate,0.00000,9.267
300,30102930,10,6,10,6,,True,6214.94,21444.7,313,35,35,19,epsilon,0.00259,8.283
301,30202933,16,8,16,8,,True,5778.09,21545.4,233,49,49,15,certificate,0.00000,9.673
302,30302936,16,7,16,7,,True,5350.49,18867.4,251,51,51,13,certificate,0.00000,18.567
303,30402939,10,7,10,7,,True,8093.08,29440.4,362,67,67,19,epsilon,0.00256,29.077
304,30502942,10,7,10,7,,True,6351.21,22071.1,315,40,40,19,epsilon,0.00256,8.315
305,30602945,13,7,13,7,,True,6427.48,22522.4,311,47,47,19,epsilon,0.00256,10.382
306,30702948,12,8,12,8,,True,6258.08,22255.4,291,41,41,19,epsilon,0.00256,6.766
307,30802951,10,6,10,6,,True,6223.32,22121.6,292,39,39,19,epsilon,0.00256,9.692
308,30902954,11,8,11,8,,True,6409.78,22178.9,320,37,37,19,epsilon,0.00256,3.544
309,31002957,12,8,12,8,,True,6185.49,22192.4,282,40,40,19,epsilon,0.00256,6.926
310,31102960,13,4,13,4,,True,5933.34,21356.7,268,44,44,19,epsilon,0.00256,7.794
311,31202963,11,4,11,4,,True,5951.59,21037.9,282,40,40,19,epsilon,0.00256,7.250
312,31302966,10,4,10,4,,True,5830.30,20486.5,281,38,38,19,epsilon,0.00256,7.141
313,31402969,13,4,13,4,,True,7834.28,29281.4,322,72,72,19,epsilon,0.00256,40.719
314,31502972,15,7,15,7,,True,7690.74,28478.7,323,74,74,19,epsilon,0.00256,34.867
315,31602975,16,9,16,9,,True,7010.04,27650.2,235,50,50,16,certificate,0.00000,7.157
316,31702978,15,6,15,6,,True,5852.82,20979.1,265,47,47,19,epsilon,0.00285,7.091
317,31802981,14,12,14,12,,True,6355.55,22422.7,301,45,45,19,epsilon,0.00256,7.280
318,31902984,13,8,13,8,,True,6812.68,25023.4,292,48,48,19,epsilon,0.00256,7.593
319,32002987,16,10,16,10,,True,6366.40,23482.0,267,60,60,13,certificate,0.00000,50.981
320,32102990,16,9,16,9,,True,6566.69,23338.5,305,52,52,14,certificate,0.00000,28.160
321,32202993,15,9,15,9,,True,7843.80,29324.0,321,69,69,19,epsilon,0.00256,20.153
322,32302996,12,5,12,5,,True,6858.36,24221.8,327,58,58,19,epsilon,0.00256,20.531
323,32402999,12,7,12,7,,True,7114.78,26028.9,312,60,60,19,epsilon,0.00256,24.700
324,32503002,10,5,10,5,,True,5707.60,19903.0,280,37,37,19,epsilon,0.00256,5.824
325,32603005,16,10,16,10,,True,7209.33,27851.6,264,76,76,11,certificate,0.00000,30.273
326,32703008,11,4,11,4,,True,6499.01,23095.0,307,53,53,19,epsilon,0.00256,34.682
327,32803011,15,7,15,7,,True,5953.76,22948.8,215,40,40,19,epsilon,0.00256,7.605
328,32903014,12,7,12,7,,True,5899.71,21343.5,263,39,39,19,epsilon,0.00256,6.409
329,33003017,16,10,16,10,,True,6253.04,23060.2,261,54,54,13,certificate,0.00000,51.283
330,33103020,15,10,15,10,,True,6911.36,26191.8,268,56,56,19,epsilon,0.00256,30.601
331,33203023,15,5,15,5,,True,6536.25,23561.3,292,48,48,19,epsilon,0.00256,24.331
332,33303026,16,9,16,9,,True,6042.87,23164.4,222,43,43,15,certificate,0.00000,13.545
333,33403029,14,9,14,9,,True,6269.29,22701.4,277,48,48,19,epsilon,0.00256,27.719
334,33503032,12,6,12,6,,True,5605.76,19998.8,258,36,36,19,epsilon,0.00256,8.636
335,33603035,14,10,14,10,,True,7557.66,27463.3,334,58,58,19,epsilon,0.00256,32.542
336,33703038,15,6,15,6,,True,7101.93,26224.6,298,58,58,19,epsilon,0.00256,42.155
337,33803041,16,9,16,9,,True,6235.55,22542.7,275,47,47,18,certificate,0.00000,16.608
338,33903044,11,8,11,8,,True,7143.67,26563.4,299,52,52,19,epsilon,0.00256,16.908
339,34003047,10,6,10,6,,True,5771.96,20024.8,287,38,38,19,epsilon,0.00256,10.411
340,34103050,15,3,15,3,,True,6437.60,23413.0,281,53,53,19,epsilon,0.00256,49.640
341,34203053,15,10,15,10,,True,7001.03,23775.2,363,55,55,19,epsilon,0.00256,21.971
342,34303056,11,6,11,6,,True,6123.53,21007.7,312,40,40,19,epsilon,0.00256,14.104
343,34403059,15,6,15,6,,True,6675.47,23637.4,313,53,53,19,epsilon,0.00256,29.574
344,34503062,11,5,11,5,,True,6611.18,21940.9,362,42,42,19,epsilon,0.00256,14.824
345,34603065,16,8,16,8,,True,6058.70,22978.5,233,44,44,16,certificate,0.00000,10.652
346,34703068,16,8,16,8,,True,6021.68,21913.4,261,46,46,16,certificate,0.00000,26.265
347,34803071,12,6,12,6,,True,6205.90,21754.5,301,50,50,19,epsilon,0.00256,18.517
348,34903074,11,3,11,3,,True,6353.17,21325.8,340,51,51,19,epsilon,0.00256,25.013
349,35003077,12,8,12,8,,True,6743.36,23641.8,326,50,50,19,epsilon,0.00256,27.619
350,35103080,11,7,11,7,,True,6279.78,22393.9,292,39,39,19,epsilon,0.00256,13.338
351,35203083,13,7,13,7,,True,6427.00,22885.0,299,52,52,19,epsilon,0.00256,12.508
352,35303086,16,10,16,10,,True,6184.30,23326.5,242,53,53,18,certificate,0.00000,11.422
353,35403089,15,6,15,6,,True,6153.78,23548.9,229,41,41,19,epsilon,0.00256,15.505
354,35503092,14,10,14,10,,True,6343.51,22862.6,284,46,46,19,epsilon,0.00257,15.636
355,35603095,15,6,15,6,,True,6763.06,24050.3,314,59,59,19,epsilon,0.00256,55.643
356,35703098,15,8,15,8,,True,7351.02,27175.1,309,69,69,19,epsilon,0.00256,36.618
357,35803101,16,7,16,7,,True,7931.30,29316.5,335,77,77,16,certificate,0.00000,76.297
358,35903104,16,6,16,6,,True,6965.85,23424.3,368,64,64,14,certificate,0.00000,106.445
359,36003107,12,7,12,7,,True,5721.93,20424.7,264,34,34,19,epsilon,0.00256,7.733
360,36103110,13,7,13,7,,True,6451.13,23430.7,284,44,44,19,epsilon,0.00256,13.755
361,36203113,12,6,12,6,,True,5976.52,21587.6,267,41,41,19,epsilon,0.00256,10.248
362,36303116,14,4,14,4,,True,6438.28,23131.4,291,43,43,19,epsilon,0.00246,12.557
363,36403119,10,4,10,4,,True,6340.71,21823.6,323,48,48,19,epsilon,0.00247,23.600
364,36503122,10,5,10,5,,True,6495.83,23359.2,297,46,46,19,epsilon,0.00256,13.756
365,36603125,14,5,14,5,,True,7201.67,27443.4,276,67,67,19,epsilon,0.00256,81.263
366,36703128,16,7,16,7,,True,7347.81,27224.0,307,69,69,17,certificate,0.00000,34.730
367,36803131,11,3,11,3,,True,6150.17,21745.9,293,47,47,19,epsilon,0.00256,13.005
368,36903134,16,5,16,5,,True,6022.22,22746.1,234,43,43,14,certificate,0.00000,24.244
369,37003137,10,6,10,6,,True,6104.97,20934.9,312,41,41,19,epsilon,0.00256,13.519
370,37103140,16,12,16,12,,True,6800.21,26006.0,255,52,52,15,certificate,0.00000,31.154
371,37203143,16,9,16,9,,True,6082.57,22242.9,260,44,44,18,certificate,0.00000,10.709
372,37303146,13,6,13,6,,True,6753.46,24877.3,286,53,53,19,epsilon,0.00256,24.158
373,37403149,16,11,16,11,,True,6381.39,22246.9,310,56,56,16,certificate,0.00000,16.257
374,37503152,16,9,16,9,,True,5521.68,19148.4,269,44,44,13,certificate,0.00000,17.556
375,37603155,14,7,14,7,,True,6516.55,23022.7,308,47,47,19,epsilon,0.00256,8.095
376,37703158,15,5,15,5,,True,7535.15,27200.7,337,64,64,19,epsilon,0.00256,56.420
377,37803161,14,9,14,9,,True,6316.24,22681.2,286,42,42,19,epsilon,0.00256,8.691
378,37903164,14,7,14,7,,True,7353.87,27864.4,287,65,65,19,epsilon,0.00256,25.790
379,38003167,13,11,13,11,,True,7096.56,25912.8,310,56,56,19,epsilon,0.00256,24.691
380,38103170,10,6,10,6,,True,6213.38,21656.9,306,37,37,19,epsilon,0.00256,7.921
381,38203173,16,10,16,10,,True,7575.05,28070.2,316,66,66,17,certificate,0.00000,27.784
382,38303176,10,5,10,5,,True,6567.93,22984.7,322,51,51,19,epsilon,0.00256,18.360
383,38403179,12,9,12,9,,True,6169.70,21613.5,300,47,47,19,epsilon,0.00256,9.474
384,38503182,15,8,15,8,,True,7297.72,26443.6,323,65,65,19,epsilon,0.00256,16.716
385,38603185,12,4,12,4,,True,6417.02,22955.1,295,47,47,19,epsilon,0.00256,10.430
386,38703188,12,7,12,7,,True,6556.52,23597.6,297,52,52,19,epsilon,0.00256,18.800
387,38803191,10,5,10,5,,True,5634.60,19908.0,268,37,37,19,epsilon,0.00256,4.209
388,38903194,14,6,14,6,,True,6802.64,25323.2,280,50,50,19,epsilon,0.00256,30.557
389,39003197,15,9,15,9,,True,6434.75,22443.7,313,55,55,19,epsilon,0.00256,24.157
390,39103200,11,3,11,3,,True,6240.54,21757.7,306,45,45,19,epsilon,0.00256,10.510
391,39203203,14,2,14,2,,True,7308.76,26298.8,331,73,73,19,epsilon,0.00256,43.243
392,39303206,12,8,12,8,,True,7656.62,27333.1,358,61,61,19,epsilon,0.00256,28.274
393,39403209,16,6,16,6,,True,6414.89,24879.5,229,52,52,16,certificate,0.00000,35.769
394,39503212,14,9,14,9,,True,6538.25,23826.2,285,52,52,19,epsilon,0.00256,11.412
395,39603215,14,8,14,8,,True,6743.47,23367.4,335,54,54,19,epsilon,0.00256,15.578
396,39703218,11,6,11,6,,True,6157.48,21342.4,306,43,43,19,epsilon,0.00256,10.325
397,39803221,16,10,16,10,,True,6532.73,23063.6,308,55,55,13,certificate,0.00000,56.660
398,39903224,14,8,14,8,,True,5950.20,21426.0,267,43,43,19,epsilon,0.00256,10.005
399,40003227,11,6,11,6,,True,6498.78,22473.9,324,41,41,19,epsilon,0.00256,12.769
400,40103230,16,10,16,10,,True,6228.40,21837.0,299,58,58,9,certificate,0.00000,57.533
401,40203233,14,5,14,5,,True,6775.28,24981.4,288,57,57,19,epsilon,0.00253,32.355
402,40303236,10,6,10,6,,True,6341.27,22366.3,304,45,45,19,epsilon,0.00256,9.318
403,40403239,11,5,11,5,,True,6094.41,22192.0,268,46,46,19,epsilon,0.00256,8.485
404,40503242,10,8,10,8,,True,6358.48,22827.4,292,41,41,19,epsilon,0.00256,8.217
405,40603245,14,8,14,8,,True,6921.18,25550.9,292,54,54,19,epsilon,0.00252,19.055
406,40703248,16,9,16,9,,True,6217.64,20998.2,325,57,57,19,certificate,0.00000,35.227
407,40803251,10,5,10,5,,True,6118.45,21367.3,300,37,37,19,epsilon,0.00247,6.441
408,40903254,13,4,13,4,,True,6051.54,21237.7,290,41,41,19,epsilon,0.00256,9.865
409,41003257,14,8,14,8,,True,6215.00,23060.0,257,45,45,19,epsilon,0.00256,7.515
410,41103260,11,4,11,4,,True,6546.25,23581.2,297,39,39,19,epsilon,0.00256,7.507
411,41203263,15,6,15,6,,True,7352.00,26985.0,314,59,59,19,epsilon,0.00256,31.330
412,41303266,15,9,15,9,,True,6012.44,22272.2,248,47,47,19,epsilon,0.00256,8.674
413,41403269,13,10,13,10,,True,6680.77,24348.8,293,52,52,19,epsilon,0.00256,26.985
414,41503272,11,6,11,6,,True,6713.25,23111.2,340,45,45,19,epsilon,0.00270,25.334
415,41603275,16,8,16,8,,True,6122.21,21731.0,285,60,60,16,certificate,0.00000,23.879
416,41703278,14,6,14,6,,True,6603.98,25379.9,245,49,49,19,epsilon,0.00256,13.892
417,41803281,14,9,13,8,,False,7437.43,26902.1,333,60,60,19,epsilon,0.00256,52.780
418,41903284,10,4,10,4,,True,6546.85,23219.2,311,44,44,19,epsilon,0.00256,9.371
419,42003287,15,8,15,8,,True,6441.75,25013.8,229,41,41,19,epsilon,0.00256,10.515
420,42103290,10,3,10,3,,True,6066.07,21320.3,293,37,37,19,epsilon,0.00256,9.112
421,42203293,11,6,11,6,,True,6728.09,24035.5,313,44,44,19,epsilon,0.00256,8.990
422,42303296,13,5,13,5,,True,6487.65,22878.2,308,47,47,19,epsilon,0.00256,12.798
423,42403299,14,7,14,7,,True,6203.51,22257.6,281,38,38,19,epsilon,0.00256,8.775
424,42503302,15,9,15,9,,True,7439.95,26829.8,334,66,66,19,epsilon,0.00256,27.273
425,42603305,13,5,13,5,,True,6752.86,24134.3,311,48,48,19,epsilon,0.00256,21.097
426,42703308,10,4,10,4,,True,6222.06,22150.3,292,42,42,19,epsilon,0.00256,9.350
427,42803311,13,3,13,3,,True,7059.08,25815.4,307,58,58,19,epsilon,0.00256,22.931
428,42903314,15,5,15,5,,True,6750.60,24918.0,283,55,55,19,epsilon,0.00256,35.199
429,43003317,11,3,11,3,,True,6336.57,22227.9,308,51,51,19,epsilon,0.00256,14.102
430,43103320,16,13,16,13,,True,6264.59,21602.9,312,48,48,14,certificate,0.00000,22.336
431,43203323,16,12,16,12,,True,6686.54,24407.7,289,56,56,16,certificate,0.00000,19.185
432,43303326,10,9,10,9,,True,6428.02,22900.1,300,36,36,19,epsilon,0.00256,3.337
433,43403329,14,9,14,9,,True,6580.17,25395.9,240,47,47,19,epsilon,0.00256,9.398
434,43503332,15,8,15,8,,True,6786.29,25871.5,257,45,45,19,epsilon,0.00256,10.003
435,43603335,14,6,14,6,,True,6779.35,24631.8,299,57,57,19,epsilon,0.00256,21.182
436,43703338,11,6,11,6,,True,6353.15,22545.7,298,46,46,19,epsilon,0.00256,10.555
437,43803341,14,5,14,5,,True,7027.16,24770.8,335,57,57,19,epsilon,0.00246,26.214
438,43903344,14,6,14,6,,True,7347.66,26708.3,323,68,68,19,epsilon,0.00256,22.711
439,44003347,16,8,16,8,,True,5998.96,21249.8,280,64,64,9,certificate,0.00000,84.643
440,44103350,15,8,15,8,,True,6492.15,23240.7,296,48,48,19,epsilon,0.00256,14.443
441,44203353,13,8,13,8,,True,7213.90,26754.5,301,48,48,19,epsilon,0.00256,15.915
442,44303356,13,9,13,9,,True,5961.50,22162.5,245,43,43,19,epsilon,0.00256,11.393
443,44403359,16,7,16,7,,True,6262.83,22364.1,288,70,70,14,certificate,0.00000,34.442
444,44503362,16,9,16,9,,True,7959.99,27635.0,394,73,73,18,certificate,0.00000,37.502
445,44603365,12,6,12,6,,True,6205.95,21679.7,303,48,48,19,epsilon,0.00256,9.346
446,44703368,11,7,11,7,,True,6093.95,21134.7,303,43,43,19,epsilon,0.00256,8.969
447,44803371,10,6,10,6,,True,6038.98,20599.9,312,34,34,19,epsilon,0.00256,5.668
448,44903374,11,8,11,8,,True,6114.63,21673.2,288,36,36,19,epsilon,0.00256,5.840
449,45003377,10,8,10,8,,True,6358.71,22678.6,297,42,42,19,epsilon,0.00256,7.777
450,45103380,10,7,10,7,,True,6512.33,23791.6,285,36,36,19,epsilon,0.00256,7.812
451,45203383,12,5,12,5,,True,6255.42,22582.1,281,42,42,19,epsilon,0.00256,6.798
452,45303386,10,5,10,5,,True,7100.11,25360.6,335,62,62,19,epsilon,0.00256,23.742
453,45403389,10,5,10,5,,True,6453.21,22356.1,323,40,40,19,epsilon,0.00256,15.493
454,45503392,10,3,10,3,,True,5979.40,20852.0,294,44,44,19,epsilon,0.00256,24.703
455,45603395,15,5,15,5,,True,6762.07,24990.3,283,54,54,19,epsilon,0.00256,41.347
456,45703398,11,5,11,5,,True,8092.00,30070.0,338,61,61,19,epsilon,0.00256,30.242
457,45803401,13,6,13,6,,True,7611.62,27443.1,346,67,67,19,epsilon,0.00256,50.011
458,45903404,11,7,11,7,,True,6740.14,24610.7,295,44,44,19,epsilon,0.00256,7.504
459,46003407,16,9,16,9,,True,6989.47,25132.3,315,62,62,18,certificate,0.00000,34.637
460,46103410,15,8,15,8,,True,7204.26,25901.3,325,61,61,19,epsilon,0.00256,20.240
461,46203413,14,8,14,8,,True,6876.31,25331.6,291,53,53,19,epsilon,0.00256,37.626
462,46303416,11,5,11,5,,True,6793.67,23868.3,328,51,51,19,epsilon,0.00256,57.166
463,46403419,13,8,13,8,,True,7590.66,27768.3,329,53,53,19,epsilon,0.00256,41.259
464,46503422,13,7,13,7,,True,6234.22,22596.1,276,43,43,19,epsilon,0.00256,18.603
465,46603425,16,10,16,10,,True,7498.05,28380.2,294,68,68,16,certificate,0.00000,37.215
466,46703428,15,8,15,8,,True,6626.87,23944.4,295,57,57,19,epsilon,0.00256,25.714
467,46803431,15,9,15,9,,True,7991.19,28591.0,367,76,76,19,epsilon,0.00256,105.173
468,46903434,16,12,16,12,,True,6727.81,24159.0,302,61,61,13,certificate,0.00000,37.108
469,47003437,14,3,14,3,,True,5660.00,20525.0,248,40,40,19,epsilon,0.00256,18.391
470,47103440,12,8,12,8,,True,6443.00,22965.0,300,49,49,19,epsilon,0.00256,17.852
471,47203443,16,11,16,11,,True,6774.03,24990.2,283,53,53,19,certificate,0.00000,16.284
472,47303446,12,5,12,5,,True,5854.68,20698.4,276,36,36,19,epsilon,0.00256,5.531
473,47403449,10,5,10,5,,True,5971.36,21156.8,283,39,39,19,epsilon,0.00256,6.788
474,47503452,11,3,11,3,,True,5903.21,20491.1,293,41,41,19,epsilon,0.00256,12.136
475,47603455,14,6,14,6,,True,5985.05,21430.2,273,56,56,19,epsilon,0.00256,32.752
476,47703458,11,6,11,6,,True,6678.45,23882.2,308,43,43,19,epsilon,0.00256,19.927
477,47803461,11,6,11,6,,True,7036.79,25929.0,301,51,51,19,epsilon,0.00256,17.016
478,47903464,16,6,16,6,,True,5783.29,20941.5,254,56,56,12,certificate,0.00000,37.649
479,48003467,11,5,11,5,,True,6478.57,23517.8,287,39,39,19,epsilon,0.00256,15.110
480,48103470,12,8,12,8,,True,6455.73,23178.6,294,41,41,19,epsilon,0.00245,7.942
481,48203473,15,9,15,9,,True,6745.63,25488.1,265,54,54,19,epsilon,0.00256,19.749
482,48303476,12,5,12,5,,True,6097.12,21990.6,274,39,39,19,epsilon,0.00256,9.635
483,48403479,15,7,15,7,,True,7437.12,26480.6,346,67,67,19,epsilon,0.00256,39.424
484,48503482,14,7,14,7,,True,6681.86,24709.3,279,57,57,19,epsilon,0.00256,29.002
485,48603485,12,6,12,6,,True,7044.84,25894.2,303,58,58,19,epsilon,0.00256,25.742
486,48703488,14,6,14,6,,True,7012.05,25865.3,297,62,62,19,epsilon,0.00256,37.860
487,48803491,10,6,10,6,,True,6780.76,24118.8,319,45,45,19,epsilon,0.00256,14.568
488,48903494,14,6,14,6,,True,6989.30,26176.5,282,53,53,19,epsilon,0.00256,20.654
489,49003497,15,6,15,6,,True,6855.25,25376.3,288,72,72,19,epsilon,0.00256,83.220
490,49103500,14,9,14,9,,True,7112.48,24737.4,349,55,55,19,epsilon,0.00253,24.820
491,49203503,16,7,16,7,,True,5824.59,21412.9,245,59,59,16,certificate,0.00000,33.395
492,49303506,16,6,16,6,,True,5635.90,20254.5,252,44,44,16,certificate,0.00000,20.605
493,49403509,11,8,11,8,,True,6279.83,22324.1,294,36,36,19,epsilon,0.00255,5.890
494,49503512,14,9,14,9,,True,6631.29,24536.5,276,42,42,19,epsilon,0.00256,12.045
495,49603515,10,3,10,3,,True,6622.39,23056.9,328,43,43,19,epsilon,0.00256,22.149
496,49703518,12,9,12,9,,True,6497.26,22701.3,317,47,47,19,epsilon,0.00256,25.008
497,49803521,11,4,11,4,,True,6109.35,21896.7,280,40,40,19,epsilon,0.00256,16.286
498,49903524,11,5,11,5,,True,6217.58,21837.9,300,40,40,19,epsilon,0.00256,9.217
499,50003527,16,5,16,5,,True,6777.86,24509.3,305,82,82,16,certificate,0.00000,66.207
500,50103530,10,4,10,4,,True,6699.92,23829.6,315,55,55,19,epsilon,0.00256,25.318
501,50203533,12,7,12,7,,True,7351.82,26189.1,343,61,61,19,epsilon,0.00256,45.986
502,50303536,12,6,12,6,,True,6339.80,21759.0,322,51,51,19,epsilon,0.00256,41.697
503,50403539,14,4,14,4,,True,6188.18,22990.9,256,55,55,19,epsilon,0.00256,14.061
504,50503542,10,4,10,4,,True,7102.27,26326.3,301,63,63,19,epsilon,0.00256,37.907
505,50603545,11,6,11,6,,True,7181.66,25628.3,335,51,51,19,epsilon,0.00256,21.712
506,50703548,14,6,14,6,,True,6036.30,21936.5,264,43,43,19,epsilon,0.00256,12.244
507,50803551,11,6,11,6,,True,6827.24,24331.2,319,50,50,19,epsilon,0.00247,20.219
508,50903554,11,7,11,7,,True,6330.21,21786.1,321,50,50,19,epsilon,0.00256,15.985
509,51003557,15,7,15,7,,True,7118.83,25214.2,334,60,60,19,epsilon,0.00256,30.579
510,51103560,13,7,13,7,,True,6273.58,23142.9,264,41,41,19,epsilon,0.00256,9.721
511,51203563,10,7,10,7,,True,7980.71,28853.6,361,61,61,19,epsilon,0.00256,41.245
512,51303566,13,5,13,5,,True,6328.22,22716.1,287,49,49,19,epsilon,0.00256,29.196
513,51403569,12,5,12,5,,True,6932.54,24882.7,316,57,57,19,epsilon,0.00256,25.226
514,51503572,16,8,16,8,,True,6755.10,25385.5,268,56,56,17,certificate,0.00000,19.400
515,51603575,11,4,11,4,,True,6556.24,21971.2,353,46,46,19,epsilon,0.00256,55.731
516,51703578,10,7,10,7,,True,6040.28,20831.4,305,37,37,19,epsilon,0.00256,10.909
517,51803581,14,7,14,7,,True,7061.07,25075.3,330,51,51,19,epsilon,0.00256,19.506
518,51903584,12,4,12,4,,True,6417.07,22330.3,316,44,44,19,epsilon,0.00256,17.161
519,52003587,12,9,12,9,,True,6828.81,23849.0,336,46,46,19,epsilon,0.00256,8.687
520,52103590,10,7,10,7,,True,7137.91,25289.6,340,48,48,19,epsilon,0.00256,13.512
521,52203593,10,5,10,5,,True,5825.19,21041.0,263,36,36,19,epsilon,0.00256,7.929
522,52303596,12,4,12,4,,True,6647.85,23999.3,300,49,49,19,epsilon,0.00256,12.117
523,52403599,15,7,15,7,,True,7263.40,26277.0,326,70,70,19,epsilon,0.00254,30.926
524,52503602,14,7,14,7,,True,6363.91,24254.6,241,38,38,19,epsilon,0.00256,10.244
525,52603605,10,3,10,3,,True,6166.51,22132.6,282,34,34,19,epsilon,0.00256,5.372
526,52703608,15,6,15,6,,True,6842.77,24983.9,296,53,53,19,epsilon,0.00256,16.864
527,52803611,12,3,12,3,,True,6154.75,22358.7,271,47,47,19,epsilon,0.00256,16.817
528,52903614,16,8,16,8,,True,7116.14,24670.7,353,94,94,13,certificate,0.00000,185.648
529,53003617,11,6,11,6,,True,6924.06,24535.3,328,55,55,19,epsilon,0.00256,16.797
530,53103620,10,4,10,4,,True,7205.22,25236.1,352,49,49,19,epsilon,0.00256,26.419
531,53203623,12,7,12,7,,True,6107.83,23004.1,243,42,42,19,epsilon,0.00264,13.844
532,53303626,16,9,16,9,,True,6522.12,23430.6,294,55,55,15,certificate,0.00000,80.276
533,53403629,12,7,12,7,,True,6304.43,22507.1,291,40,40,19,epsilon,0.00254,9.056
534,53503632,10,4,10,4,,True,6825.49,24777.5,304,44,44,19,epsilon,0.00256,12.668
535,53603635,14,4,14,4,,True,6260.30,21696.5,310,48,48,19,epsilon,0.00253,36.295
536,53703638,12,7,12,7,,True,6966.08,25500.4,303,53,53,19,epsilon,0.00256,30.659
537,53803641,12,5,12,5,,True,6887.51,23487.5,357,65,65,19,epsilon,0.00256,64.285
538,53903644,13,9,13,9,,True,6614.33,24086.6,290,46,46,19,epsilon,0.00256,8.625
539,54003647,13,7,13,7,,True,6848.53,24607.7,311,45,45,19,epsilon,0.00256,14.629
540,54103650,16,6,16,6,,True,6503.59,22877.9,310,61,61,17,certificate,0.00000,24.174
541,54203653,14,9,14,9,,True,7650.39,27212.0,357,71,71,19,epsilon,0.00256,55.185
542,54303656,16,10,16,10,,True,7694.85,25819.3,409,71,71,14,certificate,0.00000,80.625
543,54403659,16,8,16,8,,True,5289.61,19173.0,230,50,50,11,certificate,0.00000,29.252
544,54503662,12,3,12,3,,True,7288.16,25825.8,346,78,78,19,epsilon,0.00256,77.411
545,54603665,12,6,12,6,,True,7361.12,25785.6,360,62,62,19,epsilon,0.00256,33.698
546,54703668,13,8,13,8,,True,7248.37,26336.9,321,58,58,19,epsilon,0.00256,32.174
547,54803671,14,9,14,9,,True,6449.86,23799.3,271,46,46,19,epsilon,0.00256,14.777
548,54903674,10,6,10,6,,True,6948.79,24698.9,330,63,63,19,epsilon,0.00256,61.809
549,55003677,12,8,12,8,,True,7434.48,27247.4,323,58,58,19,epsilon,0.00256,20.631
550,55103680,14,10,14,10,,True,7574.95,26674.8,362,67,67,19,epsilon,0.00256,37.003
551,55203683,16,11,16,11,,True,6809.98,24754.9,297,59,59,14,certificate,0.00000,62.081
552,55303686,11,5,11,5,,True,6063.39,21121.9,298,42,42,19,epsilon,0.00256,10.432
553,55403689,12,4,12,4,,True,6031.49,22052.4,263,45,45,19,epsilon,0.00256,11.631
554,55503692,13,7,13,7,,True,6920.99,25485.0,296,55,55,19,epsilon,0.00256,41.484
555,55603695,13,9,13,9,,True,7110.43,25527.1,326,63,63,19,epsilon,0.00256,41.311
556,55703698,12,4,12,4,,True,6727.01,23650.0,326,53,53,19,epsilon,0.00256,22.267
557,55803701,16,8,16,8,,True,6539.46,22687.3,321,62,62,12,certificate,0.00000,294.368
558,55903704,11,6,11,6,,True,5945.20,21191.0,277,39,39,19,epsilon,0.00256,18.985
559,56003707,10,7,10,7,,True,6550.56,23322.8,307,50,50,19,epsilon,0.00256,19.187
560,56103710,12,7,12,7,,True,6457.54,23277.7,292,42,42,19,epsilon,0.00256,13.760
561,56203713,16,12,16,12,,True,6478.69,23468.4,285,55,55,14,certificate,0.00000,25.069
562,56303716,15,8,15,8,,True,7298.70,26488.5,322,72,72,19,epsilon,0.00256,38.798
563,56403719,11,8,11,8,,True,7461.60,27303.0,325,51,51,19,epsilon,0.00256,7.562
564,56503722,10,3,10,3,,True,6032.05,20335.2,320,44,44,19,epsilon,0.00246,34.821
565,56603725,12,8,12,8,,True,6507.10,24075.5,273,47,47,19,epsilon,0.00256,12.110
566,56703728,11,4,11,4,,True,5674.21,19546.1,286,39,39,19,epsilon,0.00256,6.775
567,56803731,14,5,14,5,,True,6089.33,21181.6,298,46,46,19,epsilon,0.00256,15.095
568,56903734,14,6,14,6,,True,5967.55,21652.8,263,51,51,19,epsilon,0.00275,15.270
569,57003737,14,4,14,4,,True,6190.85,22119.2,284,39,39,19,epsilon,0.00256,10.377
570,57103740,12,5,12,5,,True,6243.36,21416.8,317,46,46,19,epsilon,0.00256,19.436
571,57203743,16,7,16,7,,True,8241.01,31165.0,326,88,88,17,certificate,0.00000,131.398
572,57303746,13,8,13,8,,True,7238.27,26551.4,312,54,54,19,epsilon,0.00256,31.703
573,57403749,11,5,11,5,,True,6578.76,24003.8,289,53,53,19,epsilon,0.00256,17.947
574,57503752,10,5,10,5,,True,6409.04,23135.2,291,40,40,19,epsilon,0.00256,11.989
575,57603755,13,5,13,5,,True,6318.84,21984.2,311,52,52,19,epsilon,0.00256,25.909
576,57703758,10,8,10,8,,True,7151.49,26132.5,314,50,50,19,epsilon,0.00256,10.703
577,57803761,16,7,16,7,,True,6869.57,25307.9,290,60,60,18,certificate,0.00000,36.628
578,57903764,14,9,14,9,,True,6590.75,23093.8,318,40,40,19,epsilon,0.00241,6.744
579,58003767,16,8,16,8,,True,5570.10,21095.5,214,50,50,12,certificate,0.00000,30.923
580,58103770,16,8,16,8,,True,8207.02,29370.1,378,88,88,12,certificate,0.00000,136.355
581,58203773,13,9,13,9,,True,7647.23,28656.1,312,56,56,19,epsilon,0.00256,17.108
582,58303776,13,7,13,7,,True,8472.47,32007.3,337,67,67,19,epsilon,0.00256,20.787
583,58403779,13,8,13,8,,True,5984.96,21009.8,289,44,44,19,epsilon,0.00286,16.203
584,58503782,14,6,14,6,,True,6111.31,22661.5,252,42,42,19,epsilon,0.00256,11.858
585,58603785,10,3,10,3,,True,6714.20,23356.0,333,52,52,19,epsilon,0.00256,46.305
586,58703788,16,8,16,8,,True,6101.86,22229.3,264,42,42,17,certificate,0.00000,14.622
587,58803791,15,6,15,6,,True,6473.16,24195.8,262,52,52,19,epsilon,0.00256,24.380
588,58903794,16,8,16,8,,True,6216.19,23810.9,230,43,43,13,certificate,0.00000,24.456
589,59003797,12,6,12,6,,True,6895.04,25695.2,285,47,47,19,epsilon,0.00256,12.077
590,59103800,12,8,12,8,,True,7122.84,24199.2,371,53,53,19,epsilon,0.00256,21.690
591,59203803,13,4,13,4,,True,6401.17,22540.8,305,44,44,19,epsilon,0.00256,10.525
592,59303806,13,9,13,9,,True,7031.78,24013.9,362,47,47,19,epsilon,0.00256,48.584
593,59403809,12,4,12,4,,True,6223.16,22120.8,290,40,40,19,epsilon,0.00256,10.079
594,59503812,11,6,11,6,,True,6226.07,21835.3,301,39,39,19,epsilon,0.00246,12.082
595,59603815,13,6,13,6,,True,6652.08,23805.4,305,45,45,19,epsilon,0.00256,14.981
596,59703818,14,7,14,7,,True,6938.28,25646.4,293,62,62,19,epsilon,0.00256,52.423
597,59803821,14,9,14,9,,True,6726.14,24300.7,300,51,51,19,epsilon,0.00256,17.780
598,59903824,11,4,11,4,,True,5724.13,19720.7,288,40,40,19,epsilon,0.00256,7.481
599,60003827,11,5,11,5,,True,6534.37,21901.8,351,45,45,19,epsilon,0.00256,22.778
600,60103830,13,10,13,10,,True,6754.06,24995.3,284,57,57,19,epsilon,0.00256,21.659
601,60203833,10,9,10,9,,True,6856.20,23876.0,340,52,52,19,epsilon,0.00256,11.980
602,60303836,15,9,15,9,,True,6063.77,22453.8,253,52,52,19,epsilon,0.00256,17.606
603,60403839,15,10,15,10,,True,7673.41,28002.1,334,73,73,19,epsilon,0.00256,37.366
604,60503842,14,7,14,7,,True,6124.54,22082.7,274,47,47,19,epsilon,0.00256,10.225
605,60603845,15,9,15,9,,True,6438.62,24013.1,261,48,48,19,epsilon,0.00256,9.748
606,60703848,13,8,13,8,,True,6157.73,22563.7,264,40,40,19,epsilon,0.00256,7.774
607,60803851,13,7,13,7,,True,6464.74,23503.7,284,52,52,19,epsilon,0.00256,18.089
608,60903854,13,6,13,6,,True,6148.14,21735.7,290,46,46,19,epsilon,0.00256,15.499
609,61003857,15,5,15,5,,True,6756.05,23915.3,319,62,62,19,epsilon,0.00256,37.370
610,61103860,13,9,13,9,,True,6627.84,23739.2,304,59,59,19,epsilon,0.00256,23.613
611,61203863,10,6,10,6,,True,7434.76,26623.8,344,54,54,19,epsilon,0.00256,30.199
612,61303866,11,6,11,6,,True,6248.72,22013.6,300,44,44,19,epsilon,0.00256,11.331
613,61403869,13,6,13,6,,True,5919.30,20706.5,286,40,40,19,epsilon,0.00256,9.015
614,61503872,14,9,14,9,,True,6392.75,22448.8,306,45,45,19,epsilon,0.00243,12.278
615,61603875,10,3,10,3,,True,6153.02,21290.1,308,35,35,19,epsilon,0.00256,6.477
616,61703878,12,7,12,7,,True,7288.08,26550.4,322,64,64,19,epsilon,0.00256,41.385
617,61803881,10,6,10,6,,True,6824.34,23366.7,353,55,55,19,epsilon,0.00240,19.894
618,61903884,10,2,10,2,,True,5622.53,19707.6,273,37,37,19,epsilon,0.00256,9.470
619,62003887,12,8,12,8,,True,7281.56,25437.8,356,53,53,19,epsilon,0.00256,21.907
620,62103890,10,5,10,5,,True,6670.09,23325.4,327,50,50,19,epsilon,0.00256,22.348
621,62203893,15,6,15,6,,True,7591.18,27230.9,349,83,83,19,epsilon,0.00256,156.529
622,62303896,15,9,15,9,,True,6502.78,23548.9,287,45,45,19,epsilon,0.00256,9.305
623,62403899,16,7,16,7,,True,6096.39,23056.9,237,55,55,17,certificate,0.00000,13.120
624,62503902,12,5,12,5,,True,6053.86,20919.3,303,43,43,19,epsilon,0.00256,14.214
625,62603905,13,9,13,9,,True,6983.19,25860.9,295,59,59,19,epsilon,0.00252,34.148
626,62703908,12,8,12,8,,True,6961.56,25332.8,307,48,48,19,epsilon,0.00256,10.492
627,62803911,14,5,14,5,,True,6159.42,22227.1,275,49,49,19,epsilon,0.00256,17.547
628,62903914,16,9,16,9,,True,6529.65,23208.2,304,66,66,17,certificate,0.00000,56.160
629,63003917,10,5,10,5,,True,6481.99,23329.9,295,43,43,19,epsilon,0.00256,21.174
630,63103920,14,6,14,6,,True,6169.41,21767.0,292,42,42,19,epsilon,0.00250,9.478
631,63203923,11,7,11,7,,True,6579.15,23435.7,309,47,47,19,epsilon,0.00256,20.374
632,63303926,11,4,11,4,,True,6761.92,23374.6,342,56,56,19,epsilon,0.00256,28.344
633,63403929,15,10,15,10,,True,6494.77,22678.9,315,50,50,19,epsilon,0.00256,13.113
634,63503932,14,9,14,9,,True,6533.97,24164.8,272,51,51,19,epsilon,0.00256,26.522
635,63603935,10,8,10,8,,True,6352.90,22519.5,301,42,42,19,epsilon,0.00256,13.550
636,63703938,12,5,12,5,,True,6532.92,23354.6,302,41,41,19,epsilon,0.00256,8.087
637,63803941,10,3,10,3,,True,5344.06,18185.3,277,34,34,19,epsilon,0.00256,7.150
638,63903944,16,8,16,8,,True,6555.40,25032.0,247,56,56,17,certificate,0.00000,22.449
639,64003947,16,9,16,9,,True,7177.93,26524.7,302,74,74,12,certificate,0.00000,70.504
640,64103950,15,9,15,9,,True,5764.25,20486.2,266,46,46,19,epsilon,0.00256,13.826
641,64203953,13,9,13,9,,True,6811.19,23851.0,330,51,51,19,epsilon,0.00258,18.003
642,64303956,12,7,12,7,,True,6837.44,24647.2,310,46,46,19,epsilon,0.00256,22.253
643,64403959,11,5,11,5,,True,6280.91,22439.6,291,40,40,19,epsilon,0.00256,8.683
644,64503962,15,12,15,12,,True,7530.84,27819.2,317,59,59,19,epsilon,0.00256,28.573
645,64603965,13,6,13,6,,True,6071.62,21673.1,279,45,45,19,epsilon,0.00256,15.873
646,64703968,13,10,13,10,,True,8076.37,28156.8,398,65,65,19,epsilon,0.00248,48.119
647,64803971,13,5,13,5,,True,6493.80,23144.0,301,41,41,19,epsilon,0.00256,9.544
648,64903974,15,8,15,8,,True,6617.31,24006.6,291,51,51,19,epsilon,0.00256,31.966
649,65003977,15,10,15,10,,True,7134.41,25672.1,323,58,58,19,epsilon,0.00247,19.894
650,65103980,11,7,11,7,,True,6543.76,23123.8,311,48,48,19,epsilon,0.00256,31.799
651,65203983,11,7,11,7,,True,6608.04,23040.2,326,45,45,19,epsilon,0.00256,10.070
652,65303986,11,5,11,5,,True,6485.07,23370.3,294,50,50,19,epsilon,0.00256,19.527
653,65403989,16,13,16,13,,True,6494.89,24709.4,248,55,55,17,certificate,0.00000,24.592
654,65503992,12,7,12,7,,True,6643.80,23664.0,309,52,52,19,epsilon,0.00256,18.231
655,65603995,13,6,13,6,,True,6133.90,21929.5,281,38,38,19,epsilon,0.00256,7.858
656,65703998,16,7,16,7,,True,8872.16,35025.8,301,69,69,18,certificate,0.00000,15.906
657,65804001,16,10,16,10,,True,5999.06,20815.3,294,53,53,15,certificate,0.00000,33.498
658,65904004,10,8,10,8,,True,5739.37,19916.8,285,38,38,19,epsilon,0.00256,7.359
659,66004007,15,10,15,10,,True,9469.51,37967.6,304,66,66,19,epsilon,0.00256,25.272
660,66104010,14,10,14,10,,True,7055.31,25411.6,318,47,47,19,epsilon,0.00256,23.305
661,66204013,13,7,13,7,,True,6217.71,21178.5,321,39,39,19,epsilon,0.00256,7.279
662,66304016,15,11,15,11,,True,7635.24,28291.2,323,77,77,19,epsilon,0.00251,43.536
663,66404019,16,8,16,8,,True,6917.73,23998.6,342,64,64,17,certificate,0.00000,35.278
664,66504022,10,3,10,3,,True,6441.44,21497.2,349,44,44,19,epsilon,0.00256,10.777
665,66604025,16,7,16,7,,True,5900.35,22616.8,218,56,56,11,certificate,0.00000,31.113
666,66704028,13,8,13,8,,True,6935.58,24767.9,321,57,57,19,epsilon,0.00256,23.250
667,66804031,11,6,11,6,,True,6384.49,22812.5,295,43,43,19,epsilon,0.00256,14.902
668,66904034,14,11,14,11,,True,6545.78,23868.9,285,47,47,19,epsilon,0.00256,18.815
669,67004037,14,9,14,9,,True,6348.23,21731.2,323,51,51,19,epsilon,0.00256,18.549
670,67104040,11,5,11,5,,True,6108.70,21248.5,302,42,42,19,epsilon,0.00256,13.907
671,67204043,12,4,12,4,,True,6386.94,22439.7,307,58,58,19,epsilon,0.00256,31.800
672,67304046,10,8,10,8,,True,5931.57,20157.8,309,42,42,19,epsilon,0.00256,14.532
673,67404049,13,9,13,9,,True,6399.74,24083.7,254,41,41,19,epsilon,0.00256,8.783
674,67504052,11,1,11,1,,True,6418.58,23062.9,294,56,56,19,epsilon,0.00256,23.555
675,67604055,15,6,15,6,,True,6289.99,22544.9,285,48,48,19,epsilon,0.00256,15.771
676,67704058,13,8,13,8,,True,6736.08,23935.4,315,43,43,19,epsilon,0.00256,14.142
677,67804061,14,6,14,6,,True,7397.10,25405.5,375,62,62,19,epsilon,0.00256,27.098
678,67904064,13,8,13,8,,True,7238.23,27091.2,294,60,60,19,epsilon,0.00256,35.530
679,68004067,10,7,10,7,,True,6333.06,21840.3,321,53,53,19,epsilon,0.00256,18.057
680,68104070,12,6,12,6,,True,5920.44,20877.2,282,41,41,19,epsilon,0.00256,12.227
681,68204073,12,5,12,5,,True,6590.96,23754.8,297,40,40,19,epsilon,0.00256,6.445
682,68304076,15,11,15,11,,True,7575.59,28373.0,307,49,49,19,epsilon,0.00256,11.933
683,68404079,11,4,11,4,,True,6875.71,24163.6,332,50,50,19,epsilon,0.00256,27.548
684,68504082,10,6,10,6,,True,5926.59,19993.0,314,43,43,19,epsilon,0.00256,22.601
685,68604085,12,4,12,4,,True,7222.95,25599.7,342,68,68,19,epsilon,0.00256,51.874
686,68704088,10,7,10,7,,True,6458.00,23000.0,302,50,50,19,epsilon,0.00256,23.831
687,68804091,11,4,11,4,,True,6387.74,22723.7,299,41,41,19,epsilon,0.00256,19.187
688,68904094,12,8,12,8,,True,6157.49,21802.4,290,40,40,19,epsilon,0.00256,8.813
689,69004097,12,5,12,5,,True,6338.57,22052.8,312,42,42,19,epsilon,0.00256,14.836
690,69104100,14,7,14,7,,True,7429.42,26892.1,334,62,62,19,epsilon,0.00256,33.245
691,69204103,11,6,11,6,,True,6430.74,23073.7,295,44,44,19,epsilon,0.00256,10.061
692,69304106,13,7,13,7,,True,6984.80,24294.0,343,50,50,19,epsilon,0.00256,26.595
693,69404109,12,5,12,5,,True,5855.30,20111.5,296,44,44,19,epsilon,0.00256,15.716
694,69504112,10,3,10,3,,True,5650.03,19405.2,287,37,37,19,epsilon,0.00248,10.531
695,69604115,15,8,15,8,,True,6861.92,25634.6,278,54,54,19,epsilon,0.00256,32.111
696,69704118,15,6,15,6,,True,7640.35,28571.7,309,62,62,19,epsilon,0.00256,62.973
697,69804121,15,9,15,9,,True,6571.21,23396.0,305,63,63,19,epsilon,0.00264,21.910
698,69904124,10,6,10,6,,True,6271.20,21741.0,313,39,39,19,epsilon,0.00256,8.375
699,70004127,16,8,16,8,,True,9526.38,33816.9,453,110,110,17,certificate,0.00000,119.573
700,70104130,13,6,13,6,,True,6940.11,25990.6,281,57,57,19,epsilon,0.00256,23.325
701,70204133,14,7,14,7,,True,7563.28,27576.4,332,75,75,19,epsilon,0.00256,45.140
702,70304136,10,7,10,7,,True,6748.78,24298.9,308,56,56,19,epsilon,0.00256,24.557
703,70404139,16,9,16,9,,True,6425.40,24772.0,233,50,50,17,certificate,0.00000,16.710
704,70504142,12,7,12,7,,True,6514.52,23597.6,291,45,45,19,epsilon,0.00256,10.827
705,70604145,11,2,11,2,,True,5985.12,20825.6,295,39,39,19,epsilon,0.00256,9.792
706,70704148,14,3,14,3,,True,6775.76,24483.8,304,62,62,19,epsilon,0.00256,34.390
707,70804151,12,10,12,10,,True,6187.58,21427.9,308,44,44,19,epsilon,0.00256,14.814
708,70904154,15,6,15,6,,True,7396.15,25890.7,358,64,64,19,epsilon,0.00256,25.443
709,71004157,16,9,16,9,,True,7310.01,26255.1,331,57,57,15,certificate,0.00000,30.061
710,71104160,13,4,13,4,,True,6419.15,24665.8,237,40,40,19,epsilon,0.00256,14.411
711,71204163,11,6,11,6,,True,5845.59,20963.0,267,43,43,19,epsilon,0.00256,16.836
712,71304166,11,5,11,5,,True,6372.84,22984.2,288,46,46,19,epsilon,0.00256,26.051
713,71404169,11,4,11,4,,True,7147.96,25764.8,324,53,53,19,epsilon,0.00256,40.320
714,71504172,13,4,13,4,,True,6409.04,23660.2,269,42,42,19,epsilon,0.00256,15.768
715,71604175,12,6,12,6,,True,6645.64,24678.2,280,61,61,19,epsilon,0.00256,31.895
716,71704178,10,1,10,1,,True,5981.91,20689.6,301,44,44,19,epsilon,0.00256,12.773
717,71804181,15,7,15,7,,True,7320.94,27574.7,291,49,49,19,epsilon,0.00256,62.938
718,71904184,12,8,12,8,,True,6532.25,23521.3,297,59,59,19,epsilon,0.00256,34.472
719,72004187,10,6,10,6,,True,6283.76,22138.8,303,48,48,19,epsilon,0.00256,15.867
720,72104190,14,4,14,4,,True,5877.66,20953.3,270,46,46,19,epsilon,0.00256,19.970
721,72204193,11,3,11,3,,True,5964.13,20775.6,293,37,37,19,epsilon,0.00256,5.705
722,72304196,12,5,12,5,,True,6781.95,23724.8,331,56,56,19,epsilon,0.00256,104.048
723,72404199,13,5,13,5,,True,7031.73,25628.7,308,54,54,19,epsilon,0.00256,22.369
724,72504202,13,5,13,5,,True,6646.92,23369.6,319,50,50,19,epsilon,0.00256,19.113
725,72604205,15,7,15,7,,True,6751.41,23537.0,329,59,59,19,epsilon,0.00256,33.372
726,72704208,11,3,11,3,,True,7664.83,26619.1,383,66,66,19,epsilon,0.00256,44.535
727,72804211,12,7,12,7,,True,6241.08,22310.4,286,41,41,19,epsilon,0.00256,10.850
728,72904214,16,8,16,8,,True,7188.31,26561.6,301,64,64,14,certificate,0.00000,47.056
729,73004217,13,7,13,7,,True,6811.61,24413.0,313,62,62,19,epsilon,0.00256,35.109
730,73104220,12,7,12,7,,True,6264.98,22744.9,277,44,44,19,epsilon,0.00256,14.425
731,73204223,13,9,13,9,,True,6378.48,22462.4,305,54,54,19,epsilon,0.00256,25.624
732,73304226,16,9,16,9,,True,6327.93,21809.6,315,65,65,16,certificate,0.00000,48.776
733,73404229,10,6,10,6,,True,6156.48,21632.4,297,34,34,19,epsilon,0.00256,13.704
734,73504232,11,4,11,4,,True,6567.77,22863.9,324,46,46,19,epsilon,0.00250,25.861
735,73604235,10,4,10,4,,True,7011.15,24780.8,335,51,51,19,epsilon,0.00256,74.809
736,73704238,15,6,15,6,,True,7151.02,26850.1,286,57,57,19,epsilon,0.00256,32.667
737,73804241,14,7,14,7,,True,6717.03,23960.2,310,55,55,19,epsilon,0.00256,33.063
738,73904244,13,6,13,6,,True,7189.46,25887.3,326,60,60,19,epsilon,0.00256,41.551
739,74004247,16,5,16,5,,True,6544.27,23351.4,302,68,68,16,certificate,0.00000,41.761
740,74104250,14,5,14,5,,True,8278.87,29729.3,380,75,75,19,epsilon,0.00256,172.808
741,74204253,11,4,11,4,,True,6728.96,23324.8,337,54,54,19,epsilon,0.00256,21.961
742,74304256,13,7,13,7,,True,6366.35,23396.8,271,40,40,19,epsilon,0.00256,6.183
743,74404259,12,8,12,8,,True,6364.39,23111.9,281,41,41,19,epsilon,0.00256,11.748
744,74504262,14,6,14,6,,True,6552.07,23165.4,310,51,51,19,epsilon,0.00256,32.674
745,74604265,16,7,16,7,,True,5435.27,19041.4,259,50,50,16,certificate,0.00000,20.262
746,74704268,12,8,12,8,,True,6874.78,25423.9,290,54,54,19,epsilon,0.00256,32.608
747,74804271,10,2,10,2,,True,5626.77,19673.9,274,38,38,19,epsilon,0.00256,11.956
748,74904274,11,8,11,8,,True,6897.54,23757.7,349,45,45,19,epsilon,0.00256,24.737
749,75004277,14,6,14,6,,True,6322.67,22098.3,306,51,51,19,epsilon,0.00256,15.666
750,75104280,15,7,15,7,,True,6523.50,24277.5,266,39,39,19,epsilon,0.00256,17.143
751,75204283,12,5,12,5,,True,6332.19,22776.0,287,47,47,19,epsilon,0.00256,18.165
752,75304286,10,6,10,6,,True,6906.41,24197.1,339,56,56,19,epsilon,0.00256,21.171
753,75404289,14,8,14,8,,True,6699.76,23173.8,333,58,58,19,epsilon,0.00256,27.764
754,75504292,13,7,13,7,,True,7252.04,27215.2,292,52,52,19,epsilon,0.00256,21.691
755,75604295,11,4,11,4,,True,6455.33,23046.7,300,55,55,19,epsilon,0.00256,21.417
756,75704298,12,9,12,9,,True,7020.52,25042.6,326,56,56,19,epsilon,0.00256,30.932
757,75804301,10,6,10,6,,True,6685.79,23928.9,309,52,52,19,epsilon,0.00256,19.035
758,75904304,11,7,11,7,,True,6269.10,22800.5,276,41,41,19,epsilon,0.00256,20.051
759,76004307,13,10,13,10,,True,6212.72,22083.6,289,42,42,19,epsilon,0.00256,8.158
760,76104310,10,4,10,4,,True,5871.53,20782.6,278,37,37,19,epsilon,0.00256,10.190
761,76204313,11,6,11,6,,True,5989.83,20754.2,298,39,39,19,epsilon,0.00256,9.970
762,76304316,11,8,11,8,,True,6459.18,22770.9,309,41,41,19,epsilon,0.00256,16.302
763,76404319,13,8,13,8,,True,7186.89,25654.4,332,58,58,19,epsilon,0.00256,25.558
764,76504322,11,7,11,7,,True,6275.87,23309.4,260,36,36,19,epsilon,0.00256,8.931
765,76604325,12,5,12,5,,True,6626.97,24004.8,295,46,46,19,epsilon,0.00256,12.908
766,76704328,15,8,15,8,,True,7674.71,27093.5,364,70,70,19,epsilon,0.00256,78.655
767,76804331,10,2,10,2,,True,5928.46,20667.3,291,37,37,19,epsilon,0.00256,15.246
768,76904334,16,8,16,8,,True,6084.81,23159.0,232,60,60,16,certificate,0.00000,42.348
769,77004337,16,6,16,6,,True,5784.18,20270.9,280,70,70,11,certificate,0.00000,47.525
770,77104340,16,9,16,9,,True,7165.92,25389.6,336,69,69,18,certificate,0.00000,71.984
771,77204343,14,6,14,6,,True,6892.78,24653.9,316,52,52,19,epsilon,0.00256,40.650
772,77304346,14,4,14,4,,True,7191.47,26817.3,294,59,59,19,epsilon,0.00256,63.000
773,77404349,10,6,10,6,,True,6073.05,21260.2,296,38,38,19,epsilon,0.00256,9.784
774,77504352,10,6,10,6,,True,6116.40,22187.0,273,42,42,19,epsilon,0.00256,21.449
775,77604355,10,5,10,5,,True,5830.58,19892.9,301,37,37,19,epsilon,0.00256,10.637
776,77704358,10,5,10,5,,True,5972.04,20805.2,294,43,43,19,epsilon,0.00256,14.247
777,77804361,12,4,12,4,,True,7185.59,25568.0,337,62,62,19,epsilon,0.00256,42.622
778,77904364,14,10,14,10,,True,7008.40,25817.0,296,52,52,19,epsilon,0.00256,60.762
779,78004367,15,10,15,10,,True,6449.74,23238.7,288,45,45,19,epsilon,0.00256,9.816
780,78104370,10,7,10,7,,True,6691.88,23009.4,342,50,50,19,epsilon,0.00256,9.391
781,78204373,14,8,14,8,,True,6942.09,24910.4,316,56,56,19,epsilon,0.00256,36.115
782,78304376,15,5,15,5,,True,6638.29,24001.4,295,58,58,19,epsilon,0.00256,24.028
783,78404379,15,7,15,7,,True,6200.04,22815.2,261,46,46,19,epsilon,0.00256,13.275
784,78504382,11,2,11,2,,True,5652.47,20002.3,267,41,41,19,epsilon,0.00256,10.349
785,78604385,15,6,15,6,,True,6953.56,25052.8,312,55,55,19,epsilon,0.00256,30.114
786,78704388,14,6,14,6,,True,6285.68,22813.4,276,45,45,19,epsilon,0.00253,15.361
787,78804391,11,7,11,7,,True,6622.09,23755.4,305,55,55,19,epsilon,0.00256,31.847
788,78904394,15,6,15,6,,True,6142.23,22606.1,261,63,63,19,epsilon,0.00256,23.781
789,79004397,16,7,16,7,,True,5483.59,20957.9,205,48,48,12,certificate,0.00000,61.018
790,79104400,14,9,14,9,,True,6450.17,23205.8,290,52,52,19,epsilon,0.00256,14.405
791,79204403,12,6,12,6,,True,6592.76,23443.8,309,55,55,19,epsilon,0.00256,35.643
792,79304406,14,6,14,6,,True,6934.34,24411.7,331,55,55,19,epsilon,0.00256,60.729
793,79404409,10,6,10,6,,True,6244.16,22210.8,293,45,45,19,epsilon,0.00256,18.138
794,79504412,13,5,13,5,,True,6250.46,21537.3,314,48,48,19,epsilon,0.00251,27.863
795,79604415,11,4,11,4,,True,6319.07,22790.4,285,45,45,19,epsilon,0.00256,11.288
796,79704418,10,5,10,5,,True,6796.83,24379.2,312,42,42,19,epsilon,0.00256,40.819
797,79804421,14,9,13,8,,False,6571.47,23112.4,315,48,48,19,epsilon,0.00256,27.981
798,79904424,11,5,11,5,,True,6452.64,22758.2,308,41,41,19,epsilon,0.00248,20.526
799,80004427,16,13,16,13,,True,7135.43,25262.1,335,50,50,16,certificate,0.00000,22.608
800,80104430,14,6,14,6,,True,6954.77,26218.8,275,53,53,19,epsilon,0.00256,23.890
801,80204433,13,5,13,5,,True,6571.35,23781.7,293,53,53,19,epsilon,0.00256,26.985
802,80304436,13,8,13,8,,True,6787.98,24184.9,315,47,47,19,epsilon,0.00256,15.326
803,80404439,11,7,10,6,,False,6446.55,22507.8,318,44,44,19,epsilon,0.00252,16.005
804,80504442,11,4,11,4,,True,6586.03,21450.1,374,54,54,19,epsilon,0.00256,42.126
805,80604445,16,10,16,10,,True,6557.47,23962.3,282,52,52,15,certificate,0.00000,17.226
806,80704448,15,6,15,6,,True,6577.21,24041.0,283,59,59,19,epsilon,0.00256,36.536
807,80804451,15,5,15,5,,True,6288.29,22736.4,278,45,45,19,epsilon,0.00256,13.206
808,80904454,16,5,16,5,,True,5091.81,19274.1,195,45,45,12,certificate,0.00000,43.725
809,81004457,15,6,15,6,,True,8224.87,30789.4,334,70,70,19,epsilon,0.00256,31.643
810,81104460,14,3,14,3,,True,6279.88,22274.4,294,45,45,19,epsilon,0.00256,40.499
811,81204463,14,6,14,6,,True,5709.59,20953.0,242,41,41,19,epsilon,0.00256,12.907
812,81304466,10,8,10,8,,True,6857.39,23876.9,339,37,37,19,epsilon,0.00247,12.714
813,81404469,13,8,13,8,,True,7020.19,25760.9,303,56,56,19,epsilon,0.00256,20.710
814,81504472,16,9,16,9,,True,6190.10,22785.5,259,54,54,15,certificate,0.00000,38.820
815,81604475,14,8,14,8,,True,6259.10,23340.5,255,50,50,19,epsilon,0.00256,28.463
816,81704478,16,10,16,10,,True,6162.67,23113.4,245,44,44,15,certificate,0.00000,11.862
817,81804481,16,7,16,7,,True,6663.84,22864.2,336,63,63,16,certificate,0.00000,40.204
818,81904484,12,5,12,5,,True,6869.75,26608.7,249,43,43,19,epsilon,0.00256,18.737
819,82004487,11,5,11,5,,True,7305.38,26141.9,340,66,66,19,epsilon,0.00256,95.830
820,82104490,12,4,12,4,,True,5689.99,20509.9,255,35,35,19,epsilon,0.00256,14.174
821,82204493,12,6,12,6,,True,5929.24,21291.2,270,45,45,19,epsilon,0.00256,17.789
822,82304496,14,8,14,8,,True,7106.39,25692.0,317,53,53,19,epsilon,0.00256,31.469
823,82404499,10,5,10,5,,True,6400.98,22389.9,314,42,42,19,epsilon,0.00256,10.147
824,82504502,14,7,14,7,,True,6625.54,24192.7,287,51,51,19,epsilon,0.00256,10.190
825,82604505,14,8,14,8,,True,7428.61,27173.0,322,50,50,19,epsilon,0.00256,19.958
826,82704508,13,11,13,11,,True,6025.41,22142.1,256,36,36,19,epsilon,0.00256,6.865
827,82804511,11,3,11,3,,True,6698.41,24337.0,298,48,48,19,epsilon,0.00256,20.014
828,82904514,12,7,12,7,,True,6494.02,23065.1,304,48,48,19,epsilon,0.00256,25.377
829,83004517,10,5,10,5,,True,7082.64,24278.2,365,56,56,19,epsilon,0.00256,34.232
830,83104520,10,6,10,6,,True,5690.70,20113.5,270,31,31,19,epsilon,0.00256,6.377
831,83204523,15,10,15,10,,True,6701.98,24674.9,284,55,55,19,epsilon,0.00256,11.551
832,83304526,13,6,13,6,,True,6121.37,22281.9,267,42,42,19,epsilon,0.00256,12.433
833,83404529,11,6,11,6,,True,6294.66,21653.3,318,41,41,19,epsilon,0.00256,15.172
834,83504532,11,5,11,5,,True,6608.25,24181.2,287,40,40,19,epsilon,0.00256,7.785
835,83604535,13,9,13,9,,True,6813.80,24509.0,310,54,54,19,epsilon,0.00256,31.108
836,83704538,14,9,14,9,,True,6581.86,23024.3,319,50,50,19,epsilon,0.00256,17.620
837,83804541,15,5,15,5,,True,7157.97,26379.8,302,56,56,19,epsilon,0.00256,26.871
838,83904544,11,7,11,7,,True,6324.60,23358.0,267,35,35,19,epsilon,0.00256,6.264
839,84004547,13,5,13,5,,True,6336.06,23150.3,274,43,43,19,epsilon,0.00256,16.205
840,84104550,12,7,12,7,,True,6791.83,24119.1,318,59,59,19,epsilon,0.00256,30.429
841,84204553,16,10,16,10,,True,5967.15,22095.8,246,49,49,16,certificate,0.00000,12.244
842,84304556,13,5,13,5,,True,8926.67,33853.3,351,72,72,19,epsilon,0.00256,29.459
843,84404559,14,7,14,7,,True,6014.23,21296.1,282,50,50,19,epsilon,0.00256,20.916
844,84504562,13,6,13,6,,True,5937.78,21483.9,265,48,48,19,epsilon,0.00256,14.963
845,84604565,12,6,12,6,,True,6432.80,23499.0,279,40,40,19,epsilon,0.00256,7.608
846,84704568,16,5,16,5,,True,5977.63,22998.2,217,46,46,15,certificate,0.00000,14.956
847,84804571,11,6,11,6,,True,7856.49,27662.5,380,72,72,19,epsilon,0.00256,59.410
848,84904574,10,4,10,4,,True,7600.40,26587.0,374,62,62,19,epsilon,0.00256,32.075
849,85004577,10,8,10,8,,True,6584.17,22065.9,354,41,41,19,epsilon,0.00256,9.936
850,85104580,10,3,10,3,,True,6063.12,20580.6,316,42,42,19,epsilon,0.00256,8.360
851,85204583,14,5,14,5,,True,7386.30,25871.5,358,67,67,19,epsilon,0.00256,67.138
852,85304586,12,7,12,7,,True,6426.51,23237.6,288,40,40,19,epsilon,0.00256,18.368
853,85404589,13,4,13,4,,True,6778.23,24111.2,316,48,48,19,epsilon,0.00256,20.648
854,85504592,10,4,10,4,,True,5822.55,20047.7,295,39,39,19,epsilon,0.00256,11.342
855,85604595,12,8,12,8,,True,5930.26,19976.3,313,40,40,19,epsilon,0.00256,11.287
856,85704598,11,7,11,7,,True,7804.40,27407.0,379,65,65,19,epsilon,0.00256,53.330
857,85804601,13,6,13,6,,True,7023.07,24630.3,339,53,53,19,epsilon,0.00256,15.395
858,85904604,11,10,11,10,,True,6330.94,22004.7,313,45,45,19,epsilon,0.00256,13.574
859,86004607,15,5,15,5,,True,7204.70,26313.5,312,56,56,19,epsilon,0.00256,30.792
860,86104610,16,7,16,7,,True,7347.75,26758.8,320,59,59,18,certificate,0.00000,40.495
861,86204613,13,4,13,4,,True,6326.08,22620.4,292,51,51,19,epsilon,0.00256,22.587
862,86304616,14,7,14,7,,True,6463.19,23711.0,277,48,48,19,epsilon,0.00256,41.255
863,86404619,14,7,14,7,,True,7081.64,25988.2,303,52,52,19,epsilon,0.00256,31.153
864,86504622,11,4,11,4,,True,6199.78,22643.9,270,43,43,19,epsilon,0.00256,13.614
865,86604625,15,4,15,4,,True,6836.15,24995.7,294,44,44,19,epsilon,0.00256,8.990
866,86704628,15,9,15,9,,True,7047.50,25492.5,313,58,58,19,epsilon,0.00256,23.049
867,86804631,12,5,12,5,,True,7325.98,25564.9,360,61,61,19,epsilon,0.00256,44.951
868,86904634,13,6,13,6,,True,6023.16,21430.8,279,43,43,19,epsilon,0.00252,18.610
869,87004637,11,6,11,6,,True,6079.31,21826.6,277,37,37,19,epsilon,0.00256,9.899
870,87104640,16,8,16,8,,True,6722.48,24007.4,309,59,59,15,certificate,0.00000,32.561
871,87204643,13,5,13,5,,True,5677.27,19846.3,275,47,47,19,epsilon,0.00256,13.868
872,87304646,15,6,15,6,,True,7068.29,26421.4,286,58,58,19,epsilon,0.00256,53.185
873,87404649,10,5,10,5,,True,6127.97,21759.8,289,36,36,19,epsilon,0.00256,5.931
874,87504652,11,4,11,4,,True,7374.26,27186.3,314,43,43,19,epsilon,0.00256,12.499
875,87604655,15,6,15,6,,True,6677.98,23954.9,303,53,53,19,epsilon,0.00256,20.938
876,87704658,15,7,15,7,,True,6917.43,25302.1,300,63,63,19,epsilon,0.00256,35.321
877,87804661,16,10,16,10,,True,6348.78,23388.9,269,70,70,12,certificate,0.00000,43.398
878,87904664,14,7,14,7,,True,6353.29,22716.5,291,45,45,19,epsilon,0.00263,19.271
879,88004667,16,7,16,7,,True,7174.53,26852.6,290,61,61,19,certificate,0.00000,32.078
880,88104670,12,6,12,6,,True,7369.84,25454.2,370,59,59,19,epsilon,0.00256,33.322
881,88204673,12,7,12,7,,True,6084.49,21932.4,275,47,47,19,epsilon,0.00256,15.642
882,88304676,13,7,13,7,,True,7483.00,28535.0,288,52,52,19,epsilon,0.00256,18.903
883,88404679,10,5,10,5,,True,5817.31,19501.6,312,36,36,19,epsilon,0.00256,4.594
884,88504682,16,5,16,5,,True,4916.61,18018.0,208,47,47,11,certificate,0.00000,20.406
885,88604685,12,6,12,6,,True,6591.70,23438.5,308,47,47,19,epsilon,0.00256,16.834
886,88704688,12,4,12,4,,True,6506.01,22655.0,319,46,46,19,epsilon,0.00256,22.245
887,88804691,15,5,15,5,,True,8035.16,28315.8,385,81,81,19,epsilon,0.00256,142.042
888,88904694,14,6,14,6,,True,5989.99,21234.9,279,46,46,19,epsilon,0.00256,10.957
889,89004697,13,7,13,7,,True,6688.71,24498.6,289,51,51,19,epsilon,0.00256,11.508
890,89104700,10,3,10,3,,True,6549.60,23303.0,308,45,45,19,epsilon,0.00256,7.781
891,89204703,16,7,16,7,,True,6388.74,23288.7,277,61,61,19,certificate,0.00000,20.258
892,89304706,15,6,15,6,,True,7499.33,28646.6,286,67,67,19,epsilon,0.00256,30.023
893,89404709,11,5,11,5,,True,5970.21,21216.0,280,40,40,19,epsilon,0.00256,7.941
894,89504712,10,4,10,4,,True,6081.64,21433.2,291,32,32,19,epsilon,0.00256,5.329
895,89604715,15,5,15,5,,True,6804.01,25225.1,283,71,71,19,epsilon,0.00256,28.454
896,89704718,11,5,11,5,,True,6852.87,25509.3,284,44,44,19,epsilon,0.00256,10.626
897,89804721,12,5,12,5,,True,5887.02,20715.1,281,42,42,19,epsilon,0.00256,12.163
898,89904724,14,4,14,4,,True,7523.83,27489.1,328,76,76,19,epsilon,0.00256,67.699
899,90004727,15,6,15,6,,True,7396.28,26896.4,324,65,65,19,epsilon,0.00256,53.053
900,90104730,14,11,14,11,,True,7464.08,27605.4,314,53,53,19,epsilon,0.00256,18.279
901,90204733,15,9,15,9,,True,7570.68,26158.4,377,65,65,19,epsilon,0.00256,46.413
902,90304736,16,14,16,14,,True,8326.12,30565.6,357,79,79,19,certificate,0.00000,124.209
903,90404739,12,3,12,3,,True,6067.87,20279.3,327,49,49,19,epsilon,0.00256,39.055
904,90504742,15,6,15,6,,True,6686.74,24848.7,274,44,44,19,epsilon,0.00256,11.981
905,90604745,12,6,12,6,,True,6684.96,22629.8,350,46,46,19,epsilon,0.00246,12.454
906,90704748,15,8,15,8,,True,6308.82,23479.1,257,45,45,19,epsilon,0.00264,13.071
907,90804751,13,8,13,8,,True,7848.73,28858.6,336,69,69,19,epsilon,0.00256,53.700
908,90904754,14,10,14,10,,True,6953.65,26178.2,277,56,56,19,epsilon,0.00256,19.057
909,91004757,10,5,10,5,,True,5970.29,20371.4,308,38,38,19,epsilon,0.00256,7.003
910,91104760,14,9,14,9,,True,6566.61,23778.0,291,45,45,19,epsilon,0.00256,10.660
911,91204763,16,7,16,7,,True,7455.29,27646.5,308,50,50,16,certificate,0.00000,45.139
912,91304766,11,5,11,5,,True,6556.45,24267.2,276,49,49,19,epsilon,0.00256,22.655
913,91404769,16,4,16,4,,True,8132.40,29527.0,359,79,79,13,certificate,0.00000,100.495
914,91504772,10,6,10,6,,True,6628.43,22832.2,336,48,48,19,epsilon,0.00256,26.066
915,91604775,10,7,10,7,,True,6305.30,21911.5,313,42,42,19,epsilon,0.00256,9.180
916,91704778,16,8,16,8,,True,5825.75,21038.8,259,53,53,17,certificate,0.00000,13.590
917,91804781,16,9,16,9,,True,6803.35,26536.7,239,69,69,11,certificate,0.00000,62.484
918,91904784,16,9,16,9,,True,6351.30,23451.5,266,61,61,12,certificate,0.00000,63.516
919,92004787,15,7,15,7,,True,7749.55,27827.7,354,76,76,19,epsilon,0.00254,78.503
920,92104790,10,3,10,3,,True,7448.33,26911.7,338,58,58,19,epsilon,0.00256,34.603
921,92204793,16,10,16,10,,True,5938.65,22218.2,238,56,56,16,certificate,0.00000,29.120
922,92304796,16,9,16,9,,True,6765.19,25730.9,258,67,67,7,certificate,0.00000,62.650
923,92404799,12,11,12,11,,True,6799.75,23033.7,356,49,49,19,epsilon,0.00250,19.037
924,92504802,15,5,15,5,,True,6373.49,23962.4,252,51,51,19,epsilon,0.00256,14.749
925,92604805,13,6,13,6,,True,6074.68,21608.4,282,46,46,19,epsilon,0.00256,11.956
926,92704808,15,11,15,11,,True,7521.93,28004.6,308,57,57,19,epsilon,0.00256,14.858
927,92804811,12,8,12,8,,True,6692.80,23339.0,328,48,48,19,epsilon,0.00256,8.731
928,92904814,12,4,12,4,,True,6242.05,22885.3,269,42,42,19,epsilon,0.00256,15.473
929,93004817,11,5,11,5,,True,5931.44,21322.2,269,34,34,19,epsilon,0.00256,4.412
930,93104820,16,5,16,5,,True,5902.45,21487.2,256,55,55,13,certificate,0.00000,42.388
931,93204823,12,5,12,5,,True,6214.49,22407.4,281,47,47,19,epsilon,0.00256,12.250
932,93304826,11,5,11,5,,True,6158.73,21898.7,289,43,43,19,epsilon,0.00256,9.421
933,93404829,11,6,11,6,,True,7662.17,26980.9,370,67,67,19,epsilon,0.00256,53.695
934,93504832,14,9,14,9,,True,7233.77,25763.8,337,58,58,19,epsilon,0.00256,31.312
935,93604835,16,8,16,8,,True,5805.86,21464.3,240,52,52,12,certificate,0.00000,22.688
936,93704838,13,8,13,8,,True,6513.03,23655.1,288,42,42,19,epsilon,0.00256,13.298
937,93804841,12,7,12,7,,True,7280.29,26271.4,329,46,46,19,epsilon,0.00256,10.826
938,93904844,11,5,11,5,,True,6730.52,24002.6,313,54,54,19,epsilon,0.00256,19.907
939,94004847,10,4,10,4,,True,6389.29,21616.5,337,45,45,19,epsilon,0.00256,11.835
940,94104850,12,8,12,8,,True,6251.90,22739.5,275,48,48,19,epsilon,0.00256,11.501
941,94204853,16,7,16,7,,True,6349.50,23722.5,254,49,49,15,certificate,0.00000,20.031
942,94304856,11,5,11,5,,True,6065.54,21172.7,297,45,45,19,epsilon,0.00256,9.065
943,94404859,13,8,13,8,,True,6227.19,22281.0,286,43,43,19,epsilon,0.00256,6.311
944,94504862,11,6,11,6,,True,7004.87,25419.4,314,58,58,19,epsilon,0.00256,18.125
945,94604865,14,7,14,7,,True,5730.83,21074.1,242,38,38,19,epsilon,0.00256,6.965
946,94704868,11,3,11,3,,True,5963.70,21433.5,271,37,37,19,epsilon,0.00256,5.637
947,94804871,15,9,15,9,,True,7203.43,25632.1,334,61,61,19,epsilon,0.00256,27.146
948,94904874,14,9,14,9,,True,7234.52,26652.6,307,61,61,19,epsilon,0.00256,18.899
949,95004877,15,10,15,10,,True,6719.70,24793.5,283,59,59,19,epsilon,0.00256,18.255
950,95104880,15,8,15,8,,True,7297.36,27616.8,286,63,63,19,epsilon,0.00256,36.152
951,95204883,15,8,15,8,,True,7533.80,26089.0,374,70,70,19,epsilon,0.00256,37.316
952,95304886,13,4,13,4,,True,6651.21,23596.0,312,48,48,19,epsilon,0.00256,32.635
953,95404889,11,9,11,9,,True,6657.69,22808.5,340,41,41,19,epsilon,0.00256,6.174
954,95504892,15,10,15,10,,True,8096.32,31616.6,284,55,55,19,epsilon,0.00256,16.540
955,95604895,14,7,14,7,,True,7598.99,27624.9,339,71,71,19,epsilon,0.00256,36.785
956,95704898,12,8,12,8,,True,7185.09,25115.4,352,58,58,19,epsilon,0.00256,14.526
957,95804901,14,2,14,2,,True,6024.99,22900.0,230,44,44,19,epsilon,0.00256,29.497
958,95904904,10,5,10,5,,True,6294.58,22602.9,288,40,40,19,epsilon,0.00256,6.463
959,96004907,15,7,15,7,,True,7152.17,25900.9,317,52,52,19,epsilon,0.00256,28.574
960,96104910,11,5,11,5,,True,6991.53,24622.6,336,56,56,19,epsilon,0.00256,57.933
961,96204913,11,4,11,4,,True,7103.68,25848.4,315,60,60,19,epsilon,0.00256,22.144
962,96304916,15,7,15,7,,True,7220.62,25053.1,356,58,58,19,epsilon,0.00256,27.991
963,96404919,13,6,13,6,,True,6877.23,25011.1,304,57,57,19,epsilon,0.00256,20.651
964,96504922,15,4,15,4,,True,6145.83,22254.2,271,48,48,19,epsilon,0.00243,20.368
965,96604925,14,6,14,6,,True,6796.70,24783.5,296,45,45,19,epsilon,0.00256,8.094
966,96704928,16,5,16,5,,True,5955.36,20861.8,286,68,68,13,certificate,0.00000,41.425
967,96804931,13,3,13,3,,True,5990.84,21544.2,270,45,45,19,epsilon,0.00256,12.813
968,96904934,16,9,16,9,,True,6629.52,23287.6,318,65,65,14,certificate,0.00000,33.885
969,97004937,15,10,15,10,,True,8210.19,30286.0,347,71,71,19,epsilon,0.00256,43.793
970,97104940,13,8,13,8,,True,7664.44,26362.2,389,64,64,19,epsilon,0.00253,33.352
971,97204943,14,7,14,7,,True,5883.70,21413.5,256,44,44,19,epsilon,0.00256,10.809
972,97304946,15,10,15,10,,True,7327.04,26100.2,340,67,67,19,epsilon,0.00256,74.062
973,97404949,12,8,12,8,,True,6976.95,25974.8,289,48,48,19,epsilon,0.00256,13.385
974,97504952,12,7,12,7,,True,6667.95,24009.7,302,45,45,19,epsilon,0.00256,9.061
975,97604955,14,5,14,5,,True,7063.31,24736.6,342,59,59,19,epsilon,0.00256,35.236
976,97704958,14,7,14,7,,True,6899.17,25165.9,299,57,57,19,epsilon,0.00256,39.991
977,97804961,11,7,11,7,,True,6349.93,21789.6,323,42,42,19,epsilon,0.00256,10.560
978,97904964,15,2,15,2,,True,6498.63,22563.2,319,52,52,19,epsilon,0.00256,12.159
979,98004967,11,3,11,3,,True,5666.20,19101.0,299,38,38,19,epsilon,0.00256,5.611
980,98104970,13,7,13,7,,True,6474.20,23536.0,286,48,48,19,epsilon,0.00252,8.893
981,98204973,16,9,16,9,,True,6185.78,21273.9,310,68,68,15,certificate,0.00000,38.681
982,98304976,14,8,14,8,,True,6561.51,24417.5,270,52,52,19,epsilon,0.00256,14.733
983,98404979,13,6,13,6,,True,6455.35,23241.7,291,42,42,19,epsilon,0.00256,7.141
984,98504982,12,8,12,8,,True,6786.24,24206.2,315,57,57,19,epsilon,0.00256,29.231
985,98604985,14,7,14,7,,True,6928.93,25649.6,292,68,68,19,epsilon,0.00256,25.584
986,98704988,13,10,13,10,,True,6410.93,22619.6,305,58,58,19,epsilon,0.00256,26.698
987,98804991,16,6,16,6,,True,6235.05,22855.3,267,65,65,14,certificate,0.00000,28.706
988,98904994,11,6,11,6,,True,6355.22,22821.1,290,41,41,19,epsilon,0.00256,7.473
989,99004997,12,7,12,7,,True,6612.22,23591.1,306,49,49,19,epsilon,0.00256,15.961
990,99105000,13,8,13,8,,True,6298.04,23350.2,262,46,46,19,epsilon,0.00256,14.100
991,99205003,12,5,12,5,,True,6866.41,25382.1,292,52,52,19,epsilon,0.00256,11.583
992,99305006,15,6,15,6,,True,6238.71,23723.6,238,53,53,19,epsilon,0.00256,11.738
993,99405009,15,9,15,9,,True,6294.90,22109.5,301,51,51,19,epsilon,0.00256,11.644
994,99505012,12,5,12,5,,True,6680.22,23506.1,324,49,49,19,epsilon,0.00256,12.946
995,99605015,16,7,16,7,,True,5307.44,18422.2,258,39,39,15,certificate,0.00000,8.284
996,99705018,14,5,14,5,,True,7076.93,26789.7,278,59,59,19,epsilon,0.00256,12.196
997,99805021,14,5,14,5,,True,6241.84,22859.2,268,49,49,19,epsilon,0.00256,10.369
998,99905024,13,5,13,5,,True,6190.60,21333.0,311,48,48,19,epsilon,0.00256,6.890
999,100005027,12,4,12,4,,True,6449.72,23393.6,286,45,45,19,epsilon,0.00256,5.306
