trial,n_sources,cleared,remaining,time_s,walk_m,measures,replans,wall_s,cover_visits,cover_visits_at_first_clear,stop_reason
0,11,11,0,3516.6023,13053.0115,142,23,1.475955,7,2,certificate
1,10,10,0,3084.1494,10880.7469,144,18,0.389711,7,2,certificate
2,15,15,0,4482.9606,17404.8029,156,32,0.861364,7,2,certificate
3,12,12,0,4168.5286,16147.6430,147,26,0.485787,7,3,certificate
4,14,14,0,3754.0810,13830.4050,154,29,0.808247,7,2,certificate
5,12,12,0,4099.0294,15565.1469,155,31,0.726279,7,2,certificate
6,11,11,0,3683.4654,12852.3272,177,28,0.754664,7,2,certificate
7,12,12,0,3767.5015,13917.5076,155,27,1.634301,7,2,certificate
8,13,13,0,3643.3060,13146.5301,159,32,0.849351,7,2,certificate
9,13,13,0,4374.1840,15565.9202,200,34,1.367342,7,3,certificate
10,11,11,0,3213.9652,11694.8258,137,20,0.463372,7,2,certificate
11,11,11,0,3495.5636,12787.8179,148,21,0.824836,7,2,certificate
12,12,12,0,3718.1938,13905.9689,147,28,0.854983,7,2,certificate
13,14,14,0,3469.1350,12575.6749,148,27,1.017180,7,2,certificate
14,10,10,0,3370.6668,11968.3340,155,22,0.325504,7,2,certificate
15,10,10,0,3581.9272,13464.6362,140,21,0.404550,7,2,certificate
16,13,13,0,4219.1156,16000.5781,160,33,1.712349,7,2,certificate
17,10,10,0,3176.2420,10931.2098,157,23,0.908936,7,2,certificate
18,11,11,0,3043.3359,10276.6794,156,23,0.362522,7,2,certificate
19,15,15,0,4652.0902,17815.4510,170,31,1.296630,7,2,certificate
20,11,11,0,3529.7005,13018.5026,146,27,0.546133,7,2,certificate
21,13,13,0,3821.0326,14775.1631,134,23,1.231859,7,2,certificate
22,11,11,0,2906.1811,9785.9056,150,22,0.610553,7,2,certificate
23,13,13,0,3849.7355,14468.6774,149,29,2.065397,7,2,certificate
24,15,15,0,3702.0642,13780.3208,147,32,0.397595,7,2,certificate
25,16,16,0,3938.2597,15151.2987,138,27,1.376432,7,2,certificate
26,10,10,0,3236.5194,11322.5968,154,25,0.856273,7,2,certificate
27,11,11,0,3468.8899,12164.4496,164,20,0.549411,7,2,certificate
28,12,12,0,4071.7964,15848.9821,140,23,0.583765,7,2,certificate
29,12,12,0,3346.0047,11840.0233,153,25,1.495514,7,2,certificate
30,16,16,0,4205.2126,15806.0630,161,26,0.478354,7,2,certificate
31,10,10,0,3657.8290,13824.1451,141,23,0.316491,7,2,certificate
32,16,16,0,3574.1737,13225.8684,142,30,0.644229,7,2,certificate
33,11,11,0,3654.9253,13674.6264,146,25,0.382735,7,3,certificate
34,16,16,0,3512.2619,12326.3096,161,24,1.011980,7,2,certificate
35,15,15,0,4329.8433,16009.2164,176,28,0.647684,7,3,certificate
36,10,10,0,3489.8800,12649.3998,153,24,0.385588,7,2,certificate
37,10,10,0,3604.5990,13487.9951,143,20,0.354476,7,3,certificate
38,15,15,0,3901.3533,14056.7666,170,29,0.733937,7,2,certificate
39,14,14,0,3776.2813,14556.4066,133,26,0.601993,7,2,certificate
40,16,16,0,3955.1759,14780.8795,154,32,2.173423,7,2,certificate
41,12,12,0,4134.6506,15588.2532,160,25,0.327752,7,3,certificate
42,11,11,0,3636.1381,13330.6906,153,29,0.557789,7,2,certificate
43,15,15,0,3681.5214,12942.6069,170,29,1.024571,7,2,certificate
44,13,13,0,4094.6022,15133.0112,168,29,0.474583,7,3,certificate
45,11,11,0,3953.1272,15365.6358,138,25,0.455637,7,3,certificate
46,14,14,0,3946.6773,15013.3865,146,25,1.827733,7,2,certificate
47,12,12,0,4053.6596,15608.2980,146,26,0.336933,7,3,certificate
48,15,15,0,4367.3413,16756.7065,158,34,1.474010,7,2,certificate
49,11,11,0,4046.1745,15125.8726,161,28,0.387095,7,2,certificate
50,11,11,0,3819.1753,13765.8767,169,27,0.863897,7,2,certificate
51,12,12,0,3679.0976,13035.4878,169,24,0.335573,7,2,certificate
52,16,16,0,4429.8128,17704.0638,136,28,1.904886,7,2,certificate
53,15,15,0,4009.3097,14641.5485,169,35,0.797872,7,2,certificate
54,10,10,0,3858.5889,13482.9447,186,33,0.512849,7,3,certificate
55,15,15,0,4202.5076,15097.5379,185,30,1.522955,7,2,certificate
56,14,14,0,4089.6281,15218.1404,164,35,0.717760,7,2,certificate
57,15,15,0,4243.5144,15772.5721,169,29,0.775161,7,3,certificate
58,16,16,0,4947.7195,18898.5976,182,37,1.109685,7,2,certificate
59,11,11,0,4140.3310,15746.6550,157,28,0.605321,7,3,certificate
60,13,13,0,3819.8478,14509.2392,143,27,1.421373,7,2,certificate
61,16,16,0,4302.4578,16862.2890,142,25,0.833648,7,2,certificate
62,16,16,0,4386.4333,17192.1667,146,30,1.450180,7,2,certificate
63,16,16,0,4820.7130,17793.5648,199,42,0.711896,7,2,certificate
64,12,12,0,3656.2809,13941.4047,135,22,0.307592,7,2,certificate
65,15,15,0,3694.3906,12671.9529,181,29,0.612430,7,2,certificate
66,12,12,0,4136.8610,16044.3049,145,26,0.566559,7,2,certificate
67,11,11,0,3456.9000,12609.5002,146,20,0.503783,7,2,certificate
68,16,16,0,4159.7837,15548.9186,161,29,1.412202,7,2,certificate
69,13,13,0,3205.1337,11210.6683,150,23,0.552650,7,2,certificate
70,13,13,0,3580.8029,12279.0143,177,24,0.427497,7,2,certificate
71,13,13,0,3908.9705,14074.8524,173,31,1.382214,7,2,certificate
72,10,10,0,3702.3168,14086.5842,140,30,0.616786,7,2,certificate
73,11,11,0,3413.4737,12457.3685,145,23,0.568885,7,2,certificate
74,13,13,0,3934.1702,14255.8510,170,23,0.395932,7,2,certificate
75,15,15,0,4437.8193,16474.0964,178,28,0.386283,7,2,certificate
76,15,15,0,5265.6491,18168.2454,276,35,0.840694,7,2,certificate
77,12,12,0,3786.2256,13966.1280,156,27,0.706201,7,2,certificate
78,14,14,0,3949.4604,14867.3021,152,29,0.493452,7,2,certificate
79,12,12,0,3721.8334,13909.1668,147,22,1.166708,7,2,certificate
80,13,13,0,3524.5719,13002.8595,144,22,0.470118,7,2,certificate
81,13,13,0,3795.1574,14200.7871,149,27,0.402162,7,2,certificate
82,16,16,0,3649.4682,13537.3408,145,32,0.912984,7,2,certificate
83,11,11,0,3305.5132,11727.5660,151,24,0.451738,7,2,certificate
84,16,16,0,4090.8108,15444.0539,154,30,0.994026,7,2,certificate
85,10,10,0,4093.0915,15600.4573,155,34,0.904631,7,2,certificate
86,16,16,0,3952.6649,14378.3244,166,32,2.204033,7,2,certificate
87,13,13,0,3433.0303,12375.1514,149,25,1.151431,7,2,certificate
88,10,10,0,3861.3425,14756.7127,145,24,0.357693,7,2,certificate
89,13,13,0,4152.6687,15563.3436,163,31,0.857295,7,2,certificate
90,10,10,0,3472.7961,12288.9805,161,26,0.461153,7,2,certificate
91,16,16,0,3487.6178,11893.0889,172,30,1.877421,7,2,certificate
92,15,15,0,3683.4068,13052.0339,167,28,0.537154,7,2,certificate
93,12,12,0,3479.0722,12375.3611,158,25,0.500325,7,2,certificate
94,14,14,0,4124.9152,15514.5762,160,32,1.438019,7,2,certificate
95,15,15,0,3950.3482,13541.7411,195,33,1.326265,7,3,certificate
96,12,12,0,3898.5677,14647.8384,152,33,0.495454,7,3,certificate
97,13,13,0,3837.7123,14228.5617,156,29,0.621950,7,2,certificate
98,15,15,0,4420.9627,16699.8134,168,32,1.171910,7,2,certificate
99,13,13,0,3188.0079,11370.0394,142,25,0.586101,7,2,certificate
100,13,13,0,3636.8691,13764.3454,137,28,1.341024,7,2,certificate
101,13,13,0,3835.6034,14613.0172,141,27,1.153071,7,2,certificate
102,12,12,0,3558.9457,13454.7286,135,24,0.550893,7,2,certificate
103,15,15,0,4055.2160,15481.0801,148,30,1.110066,7,2,certificate
104,12,12,0,4208.3871,16281.9356,149,32,0.598258,7,2,certificate
105,16,16,0,3872.5218,15127.6090,129,30,0.356692,7,2,certificate
106,16,16,0,4309.8969,17024.4844,141,35,1.772275,7,2,certificate
107,15,15,0,4018.2681,14941.3406,160,38,1.250616,7,2,certificate
108,11,11,0,3447.6465,12913.2325,136,28,0.683954,7,2,certificate
109,12,12,0,3957.3707,15256.8533,143,24,0.883831,7,2,certificate
110,12,12,0,3503.5467,12652.7337,152,29,0.941756,7,2,certificate
111,12,12,0,3819.2485,14436.2427,146,30,0.512132,7,2,certificate
112,16,16,0,3881.6729,13893.3647,171,28,1.313125,7,2,certificate
113,15,15,0,4197.5026,15577.5132,168,30,0.558617,7,2,certificate
114,13,13,0,4024.2358,15391.1790,147,27,0.722876,7,2,certificate
115,11,11,0,3348.2836,11706.4182,159,28,0.696413,7,2,certificate
116,12,12,0,4273.9701,16344.8504,158,30,1.130465,7,3,certificate
117,14,14,0,4203.2690,15996.3448,156,27,0.409864,7,4,certificate
118,16,16,0,4132.0147,15740.0735,151,29,0.457839,7,2,certificate
119,12,12,0,3217.3318,11206.6592,153,20,0.607537,7,2,certificate
120,10,10,0,2993.2718,10351.3591,146,20,0.541515,7,2,certificate
121,12,12,0,3470.2304,13061.1519,134,27,0.571606,7,2,certificate
122,12,12,0,3868.5769,14397.8847,155,28,0.803261,7,2,certificate
123,11,11,0,3431.8708,12659.3538,141,22,0.597084,7,2,certificate
124,10,10,0,4156.8108,16389.0538,139,28,0.655582,7,2,certificate
125,10,10,0,3365.5421,12182.7106,147,24,0.865760,7,2,certificate
126,10,10,0,3260.6035,11923.0173,138,21,0.458877,7,2,certificate
127,15,15,0,3934.5949,14652.9747,155,32,2.040100,7,2,certificate
128,11,11,0,4344.4405,17177.2023,143,26,0.656002,7,2,certificate
129,16,16,0,4348.3065,17131.5323,141,29,1.560811,7,3,certificate
130,16,16,0,4363.0199,16780.0996,155,31,0.705090,7,2,certificate
131,10,10,0,3737.3937,13986.9684,149,24,0.441431,7,2,certificate
132,16,16,0,4355.1645,16570.8227,161,31,1.491754,7,3,certificate
133,11,11,0,3895.6484,14548.2418,156,28,0.606863,7,2,certificate
134,13,13,0,3832.5871,14012.9353,162,27,0.692850,7,2,certificate
135,13,13,0,4537.4076,16282.0379,203,41,1.082641,7,3,certificate
136,10,10,0,3978.5963,15387.9813,142,22,0.460331,7,2,certificate
137,13,13,0,4367.2869,17351.4344,139,28,0.456337,7,2,certificate
138,15,15,0,4042.5884,14492.9421,178,27,0.525826,7,2,certificate
139,12,12,0,3834.8728,14124.3638,159,24,0.735037,7,2,certificate
140,16,16,0,4550.7078,17408.5391,165,37,1.195814,7,2,certificate
141,15,15,0,3582.1217,12315.6086,174,26,1.123933,7,2,certificate
142,13,13,0,4266.7073,15708.5363,177,30,0.812563,7,2,certificate
143,16,16,0,3398.2287,12106.1433,151,27,1.866967,7,2,certificate
144,16,16,0,4787.7291,18978.6457,153,30,1.339863,7,2,certificate
145,14,14,0,3709.1479,13930.7393,143,29,1.744991,7,2,certificate
146,15,15,0,4273.4930,16122.4652,163,33,1.446548,7,2,certificate
147,16,16,0,3907.5115,14467.5575,156,28,1.472082,7,2,certificate
148,15,15,0,3915.4815,13347.4075,196,30,2.320472,7,2,certificate
149,14,14,0,4022.2957,14811.4784,166,31,0.774647,7,2,certificate
150,11,11,0,3707.1132,13940.5658,145,29,0.895079,7,2,certificate
151,12,12,0,3761.0891,14195.4455,144,28,0.836443,7,2,certificate
152,12,12,0,3358.1390,12165.6949,145,27,0.504959,7,2,certificate
153,16,16,0,4393.1932,15900.9661,189,30,0.602026,7,2,certificate
154,15,15,0,3955.3656,14576.8280,162,29,1.290804,7,2,certificate
155,13,13,0,3926.2832,14126.4158,175,33,0.747873,7,3,certificate
156,10,10,0,3260.5162,11987.5808,136,20,0.415139,7,2,certificate
157,12,12,0,3474.3880,12321.9400,159,26,0.484523,7,2,certificate
158,11,11,0,3975.8920,15044.4602,153,35,1.143482,7,2,certificate
159,14,14,0,3755.9454,13284.7269,172,31,1.335358,7,2,certificate
160,14,14,0,4100.7076,15153.5378,168,27,1.631349,7,3,certificate
161,15,15,0,4154.8569,16199.2846,141,30,0.770204,7,2,certificate
162,14,14,0,4465.4759,16827.3796,173,36,1.152452,7,2,certificate
163,13,13,0,3563.1758,13160.8790,145,25,1.090798,7,2,certificate
164,15,15,0,4255.3695,16176.8476,158,29,0.491068,7,3,certificate
165,11,11,0,3599.9747,13589.8736,138,20,0.850378,7,2,certificate
166,15,15,0,4092.9960,15684.9799,149,29,0.986849,7,2,certificate
167,16,16,0,3706.1530,13330.7651,161,27,1.871610,7,3,certificate
168,11,11,0,3637.3653,13511.8265,147,25,0.525269,7,2,certificate
169,15,15,0,3657.5112,14112.5559,127,33,2.065111,7,2,certificate
170,12,12,0,3275.5601,12097.8004,133,24,0.842124,7,2,certificate
171,10,10,0,3507.2110,12931.0548,146,26,0.409678,7,2,certificate
172,16,16,0,3793.4999,14467.4993,137,30,2.088544,7,2,certificate
173,14,14,0,4314.4120,15702.0598,186,43,0.655962,7,2,certificate
174,13,13,0,4102.9145,14779.5723,181,35,0.604920,7,3,certificate
175,16,16,0,4416.2504,16316.2518,179,33,1.772573,7,2,certificate
176,14,14,0,3567.4429,12792.2143,157,24,0.402023,7,2,certificate
177,11,11,0,3350.4658,12087.3289,147,24,0.513532,7,2,certificate
178,10,10,0,3936.0937,14865.4683,153,24,0.667275,7,2,certificate
179,11,11,0,3698.9767,13414.8833,161,27,0.396360,7,2,certificate
180,16,16,0,3811.9235,14069.6176,153,29,0.876380,7,2,certificate
181,13,13,0,4092.6191,15228.0953,164,28,0.449615,7,3,certificate
182,14,14,0,3717.5825,13152.9124,170,29,0.998018,7,2,certificate
183,10,10,0,3803.0272,14315.1360,149,24,0.366712,7,3,certificate
184,16,16,0,6047.5132,22772.5660,253,29,0.692357,7,2,certificate
185,12,12,0,3916.5373,15142.6865,138,24,2.025555,7,3,certificate
186,16,16,0,3722.8162,13149.0808,169,30,1.438523,7,2,certificate
187,14,14,0,3731.2316,13651.1579,156,25,1.647397,7,2,certificate
188,16,16,0,3396.0835,12590.4173,134,26,1.132806,7,2,certificate
189,13,13,0,3677.9585,14029.7923,135,23,0.600453,7,2,certificate
190,14,14,0,3739.9172,13214.5859,172,27,0.652336,7,2,certificate
191,15,15,0,4550.8843,17919.4217,150,34,0.520092,7,2,certificate
192,11,11,0,3723.9857,13874.9287,150,30,1.069284,7,2,certificate
193,13,13,0,3156.4629,11027.3144,148,23,0.982444,7,2,certificate
194,11,11,0,3382.1951,11545.9757,170,23,0.890899,7,2,certificate
195,10,10,0,3680.6740,13423.3699,158,22,0.459462,7,2,certificate
196,12,12,0,4205.7890,16093.9448,155,26,0.649342,7,3,certificate
197,10,10,0,4104.6027,16098.0135,140,25,0.427950,7,2,certificate
198,13,13,0,4111.6148,14553.0738,190,33,0.975318,7,2,certificate
199,14,14,0,4145.7889,15443.9443,165,29,1.250538,7,2,certificate
