trial,n_sources,cleared,remaining,time_s,walk_m,measures,replans,wall_s,cover_visits,cover_visits_at_first_clear,cover_snaps,n_cover_moves,stop_reason
0,11,11,0,3368.0290,13215.1452,112,18,0.380742,7,2,7,6,certificate
1,10,10,0,2993.7707,11068.8537,122,18,0.282467,7,2,7,6,certificate
2,15,15,0,3661.1061,14680.5303,109,23,0.224763,7,2,7,6,certificate
3,12,12,0,3471.1745,13265.8726,127,20,0.320560,7,2,7,6,certificate
4,14,14,0,3607.9149,14169.5744,118,24,0.275892,7,2,7,6,certificate
5,12,12,0,3846.5942,15087.9710,129,23,0.285279,7,2,7,6,certificate
6,11,11,0,3230.2306,12301.1529,119,19,0.258563,7,2,7,6,certificate
7,12,12,0,3348.8883,12714.4414,125,22,0.513013,7,3,7,6,certificate
8,13,13,0,3023.1508,11290.7539,117,21,0.256711,7,2,7,6,certificate
9,13,13,0,4003.8536,15564.2678,138,22,0.222687,7,3,7,6,certificate
10,11,11,0,2948.1106,11000.5528,116,21,0.291135,7,2,7,6,certificate
11,11,11,0,3198.8818,12129.4092,120,21,0.275409,7,2,7,6,certificate
12,12,12,0,3189.1554,11695.7768,132,21,0.266524,7,2,7,6,certificate
13,14,14,0,3123.8568,12004.2841,109,21,0.306526,7,2,7,6,certificate
14,10,10,0,3067.2353,11551.1764,118,17,0.381580,7,2,7,6,certificate
15,10,10,0,3177.5009,11947.5047,123,16,0.211115,7,2,7,6,certificate
16,13,13,0,3383.9395,12934.6975,123,26,0.561145,7,2,7,6,certificate
17,10,10,0,3019.2377,11341.1883,117,18,0.260537,7,2,7,6,certificate
18,11,11,0,2896.4593,10722.2965,117,21,0.233808,7,2,7,6,certificate
19,15,15,0,3608.3205,14111.6023,119,26,0.337606,7,2,7,6,certificate
20,11,11,0,3260.0778,12240.3890,126,21,0.247097,7,2,7,6,certificate
21,13,13,0,3598.9017,14399.5086,109,21,0.469378,7,2,7,6,certificate
22,11,11,0,2867.4174,10387.0871,123,21,0.403200,7,2,7,6,certificate
23,13,13,0,3338.7232,12988.6161,113,19,0.287982,7,2,7,6,certificate
24,15,15,0,3582.0554,14175.2768,112,24,0.274211,7,2,7,6,certificate
25,16,16,0,3156.4905,12132.4527,108,24,0.172909,7,2,6,5,certificate
26,10,10,0,3168.5472,12037.7361,119,18,0.206896,7,2,7,6,certificate
27,11,11,0,2962.2650,11271.3251,109,18,0.330877,7,2,7,6,certificate
28,12,12,0,3694.6725,14653.3625,118,21,0.338096,7,2,7,6,certificate
29,12,12,0,3046.1035,11200.5175,125,21,0.255179,7,2,7,6,certificate
30,16,16,0,3406.1367,13260.6835,113,25,0.247546,7,2,6,5,certificate
31,10,10,0,3357.6916,12353.4581,140,21,0.314832,7,2,7,6,certificate
32,16,16,0,3578.7590,14353.7951,105,24,0.691432,7,2,7,6,certificate
33,11,11,0,3497.1931,13415.9657,127,19,0.187830,7,2,7,6,certificate
34,16,16,0,3145.8971,12414.4856,98,24,0.274751,7,2,7,6,certificate
35,15,15,0,3339.9004,12834.5021,117,24,0.501927,7,2,7,6,certificate
36,10,10,0,3154.0690,11805.3450,124,18,0.254627,7,2,7,6,certificate
37,10,10,0,3522.8502,13429.2511,132,18,0.254646,7,3,7,6,certificate
38,15,15,0,3633.2848,14351.4240,115,25,0.268908,7,2,7,6,certificate
39,14,14,0,3397.3478,13076.7392,119,23,0.353338,7,2,7,6,certificate
40,16,16,0,3157.8690,12429.3448,99,25,0.233713,7,2,5,3,certificate
41,12,12,0,3787.6267,15133.1336,117,23,0.280991,7,2,7,6,certificate
42,11,11,0,3295.4984,12637.4921,119,20,0.312341,7,2,7,6,certificate
43,15,15,0,3246.0490,12390.2450,116,25,0.301419,7,2,7,6,certificate
44,13,13,0,3784.1886,15030.9432,119,22,0.218499,7,2,7,6,certificate
45,11,11,0,3736.5641,14782.8205,121,19,0.255378,7,2,7,6,certificate
46,14,14,0,3566.2313,14206.1563,110,25,0.248451,7,2,7,6,certificate
47,12,12,0,3849.6753,15233.3765,124,23,0.319597,7,2,7,6,certificate
48,15,15,0,3439.4247,13477.1234,112,24,0.430485,7,2,7,6,certificate
49,11,11,0,3688.1304,14255.6519,131,21,0.319817,7,2,7,6,certificate
50,11,11,0,3574.4640,13972.3200,121,19,0.240954,7,2,7,6,certificate
51,12,12,0,3268.1182,12390.5911,122,22,0.224499,7,2,7,6,certificate
52,16,16,0,3971.0473,15990.2367,116,26,0.222602,7,2,6,5,certificate
53,15,15,0,3910.0678,15360.3391,128,26,0.301997,7,2,7,6,certificate
54,10,10,0,3185.4761,11842.3807,128,18,0.260803,7,2,7,6,certificate
55,15,15,0,3508.4970,13482.4850,124,25,0.516712,7,2,7,6,certificate
56,14,14,0,3181.1287,12125.6436,115,22,0.278485,7,2,7,6,certificate
57,15,15,0,3662.5719,14002.8593,132,26,0.374237,7,2,7,6,certificate
58,16,16,0,3375.2038,12476.0189,134,26,0.294273,7,2,6,5,certificate
59,11,11,0,4507.8989,18524.4946,125,19,0.216436,7,2,7,6,certificate
60,13,13,0,3405.1733,13170.8666,118,21,0.273708,7,2,7,6,certificate
61,16,16,0,3815.3037,14866.5186,127,25,0.223329,7,2,6,5,certificate
62,16,16,0,3652.3606,14381.8028,117,26,0.242748,7,2,6,5,certificate
63,16,16,0,4217.1770,16840.8850,129,26,0.236631,7,2,7,6,certificate
64,12,12,0,3467.5337,13477.6685,119,21,0.260399,7,2,7,6,certificate
65,15,15,0,3308.7325,12553.6625,121,22,0.225936,7,2,7,6,certificate
66,12,12,0,3298.4502,12582.2512,122,23,0.271686,7,2,7,6,certificate
67,11,11,0,3052.5135,11342.5677,122,23,0.284254,7,2,7,6,certificate
68,16,16,0,3453.8169,13884.0847,100,22,0.265774,7,2,4,3,certificate
69,13,13,0,2740.1558,10235.7789,105,20,0.854244,7,2,7,6,certificate
70,13,13,0,3563.5777,14027.8887,116,23,0.330525,7,2,7,6,certificate
71,13,13,0,3389.7914,13363.9570,109,22,0.297724,7,2,7,6,certificate
72,10,10,0,3243.3010,12311.5051,122,18,0.237847,7,2,7,6,certificate
73,11,11,0,3179.4456,12187.2280,115,20,0.246388,7,2,7,6,certificate
74,13,13,0,3587.2708,14046.3542,119,19,0.237840,7,2,7,6,certificate
75,15,15,0,3372.8938,12644.4691,129,26,0.248259,7,2,7,6,certificate
76,15,15,0,3609.9836,13829.9179,129,25,0.203133,7,2,7,6,certificate
77,12,12,0,3614.8268,14069.1338,124,22,0.276634,7,2,7,6,certificate
78,14,14,0,3718.3739,14256.8696,133,23,0.254492,7,2,7,6,certificate
79,12,12,0,3152.8018,11929.0091,118,19,0.234412,7,2,7,6,certificate
80,13,13,0,2877.1223,10735.6113,111,21,0.231895,7,2,7,6,certificate
81,13,13,0,3561.4629,14202.3144,110,25,0.270682,7,2,7,6,certificate
82,16,16,0,3203.7347,12148.6734,116,23,0.334952,7,2,6,5,certificate
83,11,11,0,3115.0384,11655.1919,122,21,0.275145,7,2,7,6,certificate
84,16,16,0,3516.5200,14082.5999,104,24,0.320049,7,2,6,5,certificate
85,10,10,0,3190.8124,11779.0622,131,19,0.242390,7,2,7,6,certificate
86,16,16,0,3415.4308,13452.1542,108,25,0.253685,7,2,7,6,certificate
87,13,13,0,2919.6994,10303.4972,133,23,0.332400,7,2,7,6,certificate
88,10,10,0,3595.5389,14327.6946,114,19,0.312595,7,2,7,6,certificate
89,13,13,0,3585.3631,14546.8153,102,23,0.265580,7,2,7,6,certificate
90,10,10,0,3325.5357,12772.6783,120,18,0.228595,7,2,7,6,certificate
91,16,16,0,2822.8237,10809.1184,98,23,0.912783,7,2,5,4,certificate
92,15,15,0,4230.3584,17411.7918,113,28,0.469968,7,2,7,6,certificate
93,12,12,0,2992.9705,11159.8525,117,22,0.688905,7,2,7,6,certificate
94,14,14,0,3349.4727,12712.3637,123,22,0.279579,7,3,7,6,certificate
95,15,15,0,3237.3750,11941.8748,129,25,0.304939,7,2,7,6,certificate
96,12,12,0,2995.2810,11056.4049,121,21,0.282439,7,2,7,6,certificate
97,13,13,0,3357.8153,13274.0765,107,21,0.264219,7,2,7,6,certificate
98,15,15,0,3978.8538,16269.2688,109,23,0.245000,7,2,7,6,certificate
99,13,13,0,2904.3754,10756.8770,115,22,0.285941,7,2,7,6,certificate
100,13,13,0,3221.0327,12340.1637,115,22,0.318297,7,2,7,6,certificate
101,13,13,0,3544.1222,13730.6110,123,22,0.310451,7,2,7,6,certificate
102,12,12,0,3566.5948,13357.9742,139,21,0.271315,7,2,7,6,certificate
103,15,15,0,3808.0089,15045.0444,121,24,0.317198,7,3,7,6,certificate
104,12,12,0,4350.9182,17949.5909,117,20,0.230675,7,2,7,6,certificate
105,16,16,0,3491.5474,13717.7369,112,27,0.228477,7,2,6,5,certificate
106,16,16,0,4165.2392,17011.1962,115,25,0.272989,7,2,7,6,certificate
107,15,15,0,3964.6392,15943.1962,117,23,0.258155,7,2,7,6,certificate
108,11,11,0,3240.2807,12246.4035,123,18,0.261273,7,2,7,6,certificate
109,12,12,0,3592.8524,13759.2618,131,20,0.290553,7,2,7,6,certificate
110,12,12,0,3159.7516,12023.7578,116,20,0.238906,7,2,7,6,certificate
111,12,12,0,3849.1935,15090.9676,129,23,0.323779,7,2,7,6,certificate
112,16,16,0,3498.5943,14257.9715,95,22,0.388189,7,2,5,4,certificate
113,15,15,0,3763.7315,15023.6577,115,24,0.343047,7,2,7,6,certificate
114,13,13,0,4061.4347,16597.1737,113,22,0.336669,7,2,7,6,certificate
115,11,11,0,3038.9274,11029.6368,130,23,0.356842,7,2,7,6,certificate
116,12,12,0,3848.3162,15121.5808,128,20,0.245479,7,2,7,6,certificate
117,14,14,0,4005.3517,16156.7585,118,27,0.397418,7,2,7,6,certificate
118,16,16,0,4233.2098,17656.0490,104,27,0.267423,7,2,7,5,certificate
119,12,12,0,3132.1527,11840.7634,117,19,0.204469,7,2,7,6,certificate
120,10,10,0,3043.8485,11194.2426,126,17,0.250222,7,2,7,6,certificate
121,12,12,0,3265.2962,12411.4811,121,22,0.307900,7,2,7,6,certificate
122,12,12,0,3189.3166,12001.5829,122,21,0.303601,7,2,7,6,certificate
123,11,11,0,3451.9818,13374.9089,121,22,0.300053,7,2,7,6,certificate
124,10,10,0,2935.8235,10789.1174,122,17,0.252495,7,3,7,6,certificate
125,10,10,0,3469.2988,13151.4941,133,18,0.227659,7,3,7,6,certificate
126,10,10,0,2624.1062,9045.5311,128,18,0.245963,7,2,7,6,certificate
127,15,15,0,3571.5788,13567.8940,131,26,0.297332,7,2,7,6,certificate
128,11,11,0,3697.6271,14393.1357,128,20,0.299327,7,2,7,6,certificate
129,16,16,0,4225.4988,17202.4940,118,27,0.504343,7,2,7,6,certificate
130,16,16,0,4344.1129,18020.5643,111,28,0.449068,7,2,6,5,certificate
131,10,10,0,3524.9062,13644.5309,125,21,0.328873,7,2,7,6,certificate
132,16,16,0,3740.6613,14848.3064,116,25,0.339542,7,2,6,5,certificate
133,11,11,0,3000.0352,11285.1760,115,18,0.246063,7,2,7,6,certificate
134,13,13,0,3193.9361,12039.6805,121,24,0.265433,7,2,7,6,certificate
135,13,13,0,3419.8428,13014.2139,126,24,0.345035,7,2,7,6,certificate
136,10,10,0,3333.4849,12922.4244,117,20,0.284304,7,2,7,6,certificate
137,13,13,0,3113.5256,11777.6280,116,22,0.867478,7,2,7,6,certificate
138,15,15,0,3936.9195,15904.5974,114,27,0.384336,7,2,7,6,certificate
139,12,12,0,3485.9512,13764.7562,112,20,0.545773,7,2,7,6,certificate
140,16,16,0,4283.9725,17414.8626,120,24,0.229520,7,3,6,5,certificate
141,15,15,0,3445.3685,13556.8425,110,27,0.318752,7,2,7,6,certificate
142,13,13,0,3120.2759,11656.3796,122,22,0.326219,7,2,7,6,certificate
143,16,16,0,3703.5377,15077.6884,102,22,0.263533,7,2,5,4,certificate
144,16,16,0,4063.6223,16338.1115,120,24,0.230730,7,2,7,6,certificate
145,14,14,0,3462.5375,13447.6877,118,24,0.327589,7,3,7,6,certificate
146,15,15,0,3759.7590,15013.7949,114,25,0.289942,7,2,7,6,certificate
147,16,16,0,3413.8512,13134.2558,120,24,0.268360,7,2,6,5,certificate
148,15,15,0,3167.8382,11759.1912,124,24,0.273205,7,2,7,6,certificate
149,14,14,0,3451.8515,13114.2575,127,25,0.290749,7,2,7,6,certificate
150,11,11,0,3577.7767,14148.8835,116,18,0.250133,7,3,7,6,certificate
151,12,12,0,3549.2989,14006.4947,115,22,0.297347,7,2,7,6,certificate
152,12,12,0,3283.8726,12679.3632,115,22,0.337741,7,2,7,6,certificate
153,16,16,0,4012.4938,16287.4691,113,23,0.356785,7,2,6,5,certificate
154,15,15,0,3490.8751,13734.3754,111,24,0.245404,7,3,7,6,certificate
155,13,13,0,3156.0593,11720.2965,125,23,0.326935,7,2,7,6,certificate
156,10,10,0,3307.2840,12471.4201,128,18,0.240922,7,3,7,6,certificate
157,12,12,0,2934.3330,10856.6650,118,20,0.276526,7,2,7,6,certificate
158,11,11,0,3528.2669,13761.3347,121,21,0.284135,7,2,7,6,certificate
159,14,14,0,3234.7978,12763.9890,103,23,0.462695,7,2,7,6,certificate
160,14,14,0,3712.7204,14703.6022,118,23,0.377297,7,2,7,6,certificate
161,15,15,0,4048.3387,16521.6934,112,24,0.308271,7,2,7,6,certificate
162,14,14,0,3918.2405,15776.2025,116,23,0.368481,7,2,7,6,certificate
163,13,13,0,3304.3240,12776.6202,114,22,0.340818,7,2,7,6,certificate
164,15,15,0,3791.2473,15351.2364,108,26,0.294057,7,2,7,6,certificate
165,11,11,0,3309.2113,12526.0565,125,19,0.290588,7,2,7,6,certificate
166,15,15,0,3529.5280,13632.6402,122,22,0.254643,7,2,7,6,certificate
167,16,16,0,3443.8280,13709.1399,104,23,0.342492,7,2,7,6,certificate
168,11,11,0,3740.0763,14800.3813,121,19,0.271143,7,2,7,6,certificate
169,15,15,0,3234.1935,12650.9677,105,25,0.294206,7,3,7,6,certificate
170,12,12,0,3074.5712,11632.8562,115,19,0.274279,7,3,7,6,certificate
171,10,10,0,3683.8005,14524.0023,122,21,0.315399,7,2,7,6,certificate
172,16,16,0,3049.6239,11653.1194,107,26,0.312882,7,2,7,6,certificate
173,14,14,0,3536.9358,13834.6792,118,24,0.317129,7,2,7,6,certificate
174,13,13,0,3764.2722,14636.3608,129,21,0.240954,7,3,7,6,certificate
175,16,16,0,3911.6923,15628.4613,118,25,0.241658,7,2,6,5,certificate
176,14,14,0,3020.6133,11283.0664,116,24,0.346116,7,2,7,6,certificate
177,11,11,0,2836.6193,10433.0966,116,18,0.277365,7,2,7,6,certificate
178,10,10,0,3523.2260,13816.1299,119,20,0.293021,7,2,7,6,certificate
179,11,11,0,3817.3239,14861.6195,132,21,0.322683,7,2,7,5,certificate
180,16,16,0,3959.0227,15710.1133,123,24,0.232301,7,2,6,5,certificate
181,13,13,0,3726.5980,14722.9901,120,24,0.381262,7,2,7,6,certificate
182,14,14,0,2897.2541,10666.2704,116,23,0.321028,7,2,7,6,certificate
183,10,10,0,3530.3183,13501.5916,131,19,0.307539,7,3,7,6,certificate
184,16,16,0,4555.2024,19116.0121,111,32,0.536634,7,2,6,5,certificate
185,12,12,0,3760.3019,15116.5096,113,21,0.471644,7,2,7,6,certificate
186,16,16,0,3523.9378,13704.6890,118,27,0.310450,7,2,7,6,certificate
187,14,14,0,3229.9723,12524.8614,110,22,0.336931,7,2,7,6,certificate
188,16,16,0,3108.9322,12164.6610,100,24,0.357203,7,2,6,5,certificate
189,13,13,0,3139.1481,11775.7403,120,21,0.289076,7,2,7,6,certificate
190,14,14,0,3476.4260,13437.1302,120,22,0.240998,7,2,7,6,certificate
191,15,15,0,3788.4721,15277.3605,110,21,0.200525,7,3,7,6,certificate
192,11,11,0,3371.1332,12870.6659,124,18,0.260778,7,3,7,6,certificate
193,13,13,0,2698.8945,9784.4725,113,22,0.283783,7,2,7,6,certificate
194,11,11,0,2986.5418,11257.7091,114,19,0.336475,7,2,7,6,certificate
195,10,10,0,3090.3250,11276.6248,131,19,0.302926,7,2,7,6,certificate
196,12,12,0,3387.1015,13110.5074,118,20,0.424361,7,2,7,6,certificate
197,10,10,0,3697.0596,14635.2980,121,20,0.300097,7,3,7,6,certificate
198,13,13,0,3971.9625,15714.8124,127,20,0.238762,7,3,7,6,certificate
199,14,14,0,3842.3725,15371.8624,117,24,0.480969,7,2,7,6,certificate
200,16,16,0,3516.4996,13857.4980,111,23,0.263817,7,2,6,5,certificate
201,13,13,0,3734.3568,14686.7838,123,20,0.245588,7,3,7,6,certificate
202,11,11,0,2872.4733,10787.3665,111,18,0.375159,7,2,7,6,certificate
203,16,16,0,4246.0808,17330.4041,118,26,0.419424,7,2,7,6,certificate
204,14,14,0,3008.9029,11289.5146,114,23,0.273783,7,2,7,6,certificate
205,16,16,0,3526.6688,13848.3442,113,27,0.339874,7,2,7,6,certificate
206,13,13,0,3415.9831,13084.9153,123,22,0.253624,7,2,7,6,certificate
207,12,12,0,3645.8228,14184.1142,125,22,0.270201,7,2,7,6,certificate
208,12,12,0,2964.9696,10999.8480,118,20,0.291787,7,2,7,6,certificate
209,14,14,0,3745.2942,14936.4712,115,22,0.273665,7,2,7,6,certificate
210,10,10,0,3110.4881,11487.4403,128,18,0.284868,7,2,7,6,certificate
211,10,10,0,3546.0688,13775.3438,124,20,0.315795,7,2,7,6,certificate
212,16,16,0,4162.0436,17020.2179,114,27,0.320713,7,2,6,5,certificate
213,14,14,0,3381.9804,13024.9018,118,23,0.265125,7,2,7,6,certificate
214,16,16,0,3710.9396,14184.6982,132,24,0.301700,7,2,7,6,certificate
215,12,12,0,3299.5502,12817.7508,113,21,0.344972,7,2,7,6,certificate
216,16,16,0,3071.6183,11933.0914,102,23,0.348835,7,2,6,5,certificate
217,14,14,0,3580.8488,13779.2441,126,22,0.331339,7,2,7,6,certificate
218,15,15,0,3852.6228,15263.1138,122,25,0.374871,7,2,7,6,certificate
219,10,10,0,3417.0025,13360.0127,116,20,0.317272,7,2,7,6,certificate
220,14,14,0,3703.0950,14585.4748,119,23,0.250644,7,2,7,6,certificate
221,16,16,0,3537.1906,13630.9529,122,25,0.252460,7,2,6,5,certificate
222,14,14,0,3478.3817,13701.9087,112,25,0.295865,7,2,7,6,certificate
223,10,10,0,3703.3816,14366.9081,130,19,0.309459,7,2,7,6,certificate
224,13,13,0,3477.8961,13459.4805,121,22,0.243605,7,2,7,6,certificate
225,11,11,0,3494.7588,13828.7941,113,20,0.319756,7,2,7,6,certificate
226,13,13,0,2708.3859,9866.9296,112,23,0.302728,7,2,7,6,certificate
227,11,11,0,3180.7128,12038.5641,120,19,0.279031,7,2,7,6,certificate
228,11,11,0,3397.1210,13120.6052,120,19,0.285165,7,2,7,6,certificate
229,13,13,0,3122.5235,12002.6177,110,20,0.416812,7,2,7,6,certificate
230,16,16,0,3169.7514,12118.7569,112,23,0.267088,7,2,7,6,certificate
231,16,16,0,3071.1102,11620.5508,112,24,0.317856,7,2,5,4,certificate
232,16,16,0,3728.5474,14952.7371,112,27,0.367944,7,2,6,5,certificate
233,16,16,0,3319.8391,12829.1956,113,26,0.357146,7,2,7,6,certificate
234,14,14,0,3468.1505,13255.7523,125,23,0.313924,7,2,7,6,certificate
235,11,11,0,3844.6535,15478.2673,116,19,0.261544,7,2,7,6,certificate
236,11,11,0,3050.2422,11456.2109,118,19,0.284430,7,2,7,6,certificate
237,12,12,0,3164.8054,11734.0272,127,20,0.262579,7,3,7,6,certificate
238,13,13,0,3619.1224,14390.6122,113,23,0.323553,7,2,7,6,certificate
239,12,12,0,3515.6657,13588.3283,124,22,0.385053,7,2,7,6,certificate
240,15,15,0,3415.7753,12948.8765,126,24,0.358810,7,2,7,6,certificate
241,12,12,0,3249.4149,12937.0747,101,20,0.315617,7,2,7,6,certificate
242,14,14,0,3355.9276,12814.6379,121,25,0.466994,7,2,7,6,certificate
243,13,13,0,3570.9717,14114.8583,114,22,0.359474,7,2,7,6,certificate
244,14,14,0,3709.1038,14820.5190,113,23,0.332023,7,2,7,6,certificate
245,16,16,0,3748.6017,15143.0084,107,25,0.262025,7,2,6,5,certificate
246,16,16,0,3030.9809,11639.9043,104,23,0.270669,7,2,6,5,certificate
247,16,16,0,3392.3919,13086.9595,116,24,0.402571,7,2,6,5,certificate
248,12,12,0,3454.5064,13447.5321,118,20,0.310645,7,2,7,6,certificate
249,13,13,0,3230.5308,11792.6540,135,22,0.394389,7,2,7,6,certificate
250,13,13,0,3653.6333,14023.1664,131,22,0.319219,7,2,7,6,certificate
251,16,16,0,4001.6496,16163.2482,116,26,0.451503,7,2,7,6,certificate
252,10,10,0,3573.1662,13705.8309,131,20,0.295656,7,2,7,6,certificate
253,10,10,0,2967.2430,10811.2149,126,18,0.318057,7,2,7,6,certificate
254,15,15,0,3552.0102,13870.0511,118,25,0.352638,7,2,7,6,certificate
255,12,12,0,3062.8829,11514.4146,117,22,0.315216,7,2,7,6,certificate
256,16,16,0,3586.9668,13774.8340,125,28,0.274663,7,2,6,5,certificate
257,16,16,0,3503.5741,13497.8706,121,25,0.472592,7,2,7,6,certificate
258,13,13,0,3296.3392,12416.6958,125,21,0.279736,7,2,7,6,certificate
259,14,14,0,3612.8231,14164.1154,119,26,0.407718,7,2,7,6,certificate
260,13,13,0,3412.7191,12888.5954,129,23,0.363547,7,2,7,6,certificate
261,14,14,0,3301.2572,12536.2858,121,26,0.394860,7,2,7,6,certificate
262,13,13,0,3205.0718,12085.3591,121,20,0.341968,7,2,7,6,certificate
263,11,11,0,3256.2603,12236.3015,126,21,0.331123,7,2,7,6,certificate
264,10,10,0,2765.8098,9999.0490,120,18,0.342336,7,2,7,6,certificate
265,10,10,0,2844.4383,10332.1917,122,20,0.325102,7,2,7,6,certificate
266,12,12,0,3386.1012,12925.5059,124,20,0.357817,7,2,7,6,certificate
267,15,15,0,4638.8819,18819.4097,134,25,0.336920,7,2,7,6,certificate
268,10,10,0,3122.6654,11668.3270,123,20,0.328244,7,2,7,6,certificate
269,13,13,0,3520.8846,13654.4229,121,22,0.307229,7,2,7,6,certificate
270,16,16,0,4039.2492,16571.2459,108,25,0.377870,7,2,6,5,certificate
271,14,14,0,3660.3700,14541.8502,114,23,0.302759,7,2,7,6,certificate
272,16,16,0,3911.9876,15414.9378,125,23,0.348562,7,2,6,5,certificate
273,10,10,0,3660.2247,14256.1234,127,21,0.397848,7,2,7,6,certificate
274,15,15,0,3703.7966,14448.9830,124,26,0.350655,7,2,7,6,certificate
275,14,14,0,3022.1701,11415.8507,112,22,0.283015,7,2,7,6,certificate
276,12,12,0,3359.6686,12978.3428,118,21,0.292366,7,2,7,6,certificate
277,10,10,0,2942.3272,10866.6362,120,20,0.341796,7,2,7,6,certificate
278,12,12,0,3302.9882,12464.9409,126,19,0.300489,7,2,7,6,certificate
279,16,16,0,3801.7056,14973.5282,122,29,0.398948,7,2,7,6,certificate
280,12,12,0,3352.9631,12474.8153,134,20,0.261514,7,2,7,6,certificate
281,15,15,0,3783.1184,15160.5919,113,24,0.219770,7,3,7,6,certificate
282,14,14,0,3829.3124,15276.5621,118,25,0.304848,7,2,7,6,certificate
283,12,12,0,3035.4841,11397.4205,117,20,0.260807,7,2,7,6,certificate
284,15,15,0,3140.9072,11959.5359,113,23,0.312224,7,2,7,6,certificate
285,10,10,0,3612.6359,14278.1793,118,19,0.283144,7,2,7,6,certificate
286,15,15,0,3570.5684,14102.8419,113,23,0.492994,7,2,7,6,certificate
287,14,14,0,3420.4270,13097.1350,122,21,0.314343,7,2,7,6,certificate
288,16,16,0,2916.2463,10601.2314,120,24,0.630553,7,2,6,5,certificate
289,13,13,0,3226.4440,12497.2198,110,22,0.313370,7,2,7,6,certificate
290,12,12,0,3410.9371,13169.6853,120,21,0.298580,7,2,7,6,certificate
291,15,15,0,3213.0801,12180.4007,117,23,0.593360,7,2,7,6,certificate
292,11,11,0,2837.2270,10521.1352,114,19,0.319675,7,2,7,6,certificate
293,15,15,0,3477.7732,13453.8658,119,25,0.336330,7,2,7,6,certificate
294,16,16,0,3915.0309,16190.1545,100,26,0.331015,7,2,6,5,certificate
295,15,15,0,3719.6111,14693.0554,118,25,0.317776,7,2,7,6,certificate
296,13,13,0,3182.8918,12389.4588,107,23,0.590693,7,2,7,6,certificate
297,16,16,0,3518.7471,14063.7357,105,25,0.628197,7,2,6,5,certificate
298,11,11,0,2904.2063,10416.0316,128,20,0.317470,7,2,7,6,certificate
299,16,16,0,3544.1462,13790.7312,118,26,0.297455,7,2,7,6,certificate
300,10,10,0,3828.9128,15164.5642,125,20,0.269313,7,2,7,6,certificate
301,16,16,0,3677.5917,14817.9585,106,25,0.340777,7,2,7,6,certificate
302,16,16,0,3745.0427,14350.2136,133,27,0.313038,7,2,7,6,certificate
303,10,10,0,3090.2493,11756.2463,115,18,0.249270,7,2,7,6,certificate
304,10,10,0,3427.4124,12932.0621,132,19,0.334439,7,2,7,6,certificate
305,13,13,0,3219.3159,12431.5793,112,23,0.583261,7,2,7,6,certificate
306,12,12,0,2582.7487,9358.7437,109,19,0.285561,7,3,7,6,certificate
307,10,10,0,3460.5737,13157.8687,130,18,0.298015,7,2,7,6,certificate
308,11,11,0,3276.3651,12581.8257,118,18,0.267368,7,2,7,6,certificate
309,12,12,0,2962.0617,10895.3084,121,21,0.288911,7,2,7,6,certificate
310,13,13,0,3541.4804,13302.4019,136,22,0.300818,7,2,7,6,certificate
311,11,11,0,3647.5627,14152.8133,128,22,0.300792,7,2,7,6,certificate
312,10,10,0,3743.2166,14576.0829,130,21,0.608787,7,2,7,6,certificate
313,13,13,0,3412.8003,13409.0016,111,24,0.411203,7,2,7,6,certificate
314,15,15,0,3777.0993,14705.4966,127,26,0.344948,7,2,7,6,certificate
315,16,16,0,3783.9900,15319.9500,107,26,0.264801,7,2,7,6,certificate
316,15,15,0,3557.5962,13712.9812,124,29,0.334155,7,2,7,6,certificate
317,14,14,0,2755.9124,10064.5618,112,22,0.424582,7,2,7,6,certificate
318,13,13,0,3557.1895,14000.9476,116,25,0.593662,7,2,7,6,certificate
319,16,16,0,3496.4828,14117.4138,99,24,0.213188,7,2,4,3,certificate
320,16,16,0,3467.7031,13768.5156,106,26,0.336497,7,2,6,5,certificate
321,15,15,0,4265.5657,17357.8287,120,23,0.305325,7,2,7,6,certificate
322,12,12,0,3013.3172,11261.5859,117,20,0.321034,7,2,7,6,certificate
323,12,12,0,3558.6708,13593.3539,131,25,0.319408,7,3,7,6,certificate
324,10,10,0,3412.6518,13298.2590,117,18,0.285438,7,2,7,6,certificate
325,16,16,0,4093.2091,16356.0453,125,28,0.629311,7,2,7,6,certificate
326,11,11,0,3236.6347,12353.1734,119,20,0.338451,7,3,7,6,certificate
327,15,15,0,3641.9524,13989.7619,129,25,0.488091,7,2,7,6,certificate
328,12,12,0,3515.7630,13843.8152,115,21,0.302880,7,2,7,6,certificate
329,16,16,0,3809.9631,15274.8157,113,25,0.345629,7,2,6,5,certificate
330,15,15,0,3865.3765,15201.8825,125,24,0.576090,7,2,7,6,certificate
331,15,15,0,3011.4728,11267.3642,114,25,0.374882,7,2,7,6,certificate
332,16,16,0,2616.2227,9936.1135,92,24,0.905632,7,2,5,4,certificate
333,14,14,0,3531.2310,13786.1550,118,23,0.307874,7,2,7,6,certificate
334,12,12,0,3549.7117,13928.5584,118,23,0.335079,7,2,7,6,certificate
335,14,14,0,4111.7163,16503.5817,124,24,0.354734,7,2,7,6,certificate
336,15,15,0,4169.3598,16596.7990,130,23,0.280722,7,2,7,6,certificate
337,16,16,0,3503.1809,14130.9046,100,25,0.336095,7,2,5,4,certificate
338,11,11,0,3259.0887,12585.4434,115,20,0.376048,7,2,7,6,certificate
339,10,10,0,3737.6253,14823.1264,121,19,0.283284,7,2,7,6,certificate
340,15,15,0,3390.1710,13030.8552,120,23,0.283967,7,2,7,6,certificate
341,15,15,0,3398.6944,13058.4719,119,23,0.296619,7,2,7,6,certificate
342,11,11,0,3416.5092,13427.5458,113,21,0.392905,7,2,7,6,certificate
343,15,15,0,3652.6646,14573.3232,111,23,0.304259,7,3,7,6,certificate
344,11,11,0,3030.4960,11407.4801,116,19,0.308455,7,2,7,6,certificate
345,16,16,0,4028.6542,16348.2711,114,24,0.367242,7,2,6,5,certificate
346,16,16,0,3910.5294,15852.6468,111,25,0.251159,7,2,5,4,certificate
347,12,12,0,3062.7183,11448.5916,119,21,0.352112,7,2,7,6,certificate
348,11,11,0,3392.1931,13230.9655,116,17,0.283736,7,2,7,6,certificate
349,12,12,0,3514.4592,13887.2959,113,22,0.313973,7,2,7,6,certificate
350,11,11,0,3308.1428,12705.7142,119,19,0.359651,7,2,7,6,certificate
351,13,13,0,3511.2473,13496.2363,125,23,0.300944,7,2,7,6,certificate
352,16,16,0,3206.2656,12396.3279,109,27,0.741372,7,2,6,5,certificate
353,15,15,0,3596.1675,13900.8376,124,27,0.404406,7,2,7,6,certificate
354,14,14,0,3802.9141,14929.5706,125,26,0.328556,7,3,7,6,certificate
355,15,15,0,3834.4647,15507.3237,110,22,0.222115,7,3,7,6,certificate
356,15,15,0,3749.8065,14884.0325,117,25,0.351128,7,2,7,6,certificate
357,16,16,0,3559.0085,14435.0425,99,25,0.603162,7,2,6,5,certificate
358,16,16,0,3773.6921,14368.4603,138,28,0.363521,7,2,7,6,certificate
359,12,12,0,3276.9151,12224.5755,129,21,0.312086,7,2,7,6,certificate
360,13,13,0,2822.4255,10482.1274,111,23,0.332992,7,2,7,6,certificate
361,12,12,0,3142.2721,11671.3607,125,21,0.325156,7,2,7,6,certificate
362,14,14,0,3477.0084,13785.0422,109,20,0.444547,7,2,7,6,certificate
363,10,10,0,2899.7022,10448.5109,127,19,0.352722,7,2,7,6,certificate
364,10,10,0,3138.6429,11663.2146,127,18,0.279352,7,2,7,6,certificate
365,14,14,0,3211.0467,12560.2336,105,20,0.251627,7,2,7,6,certificate
366,16,16,0,3611.7949,14423.9745,108,25,0.282640,7,2,5,4,certificate
367,11,11,0,3363.6422,12793.2112,126,21,0.274066,7,2,7,6,certificate
368,16,16,0,3326.0026,13370.0132,96,22,0.344482,7,2,5,4,certificate
369,10,10,0,3321.9549,12904.7746,115,22,0.327309,7,2,7,6,certificate
370,16,16,0,3702.2519,14731.2593,113,25,0.255926,7,2,6,5,certificate
371,16,16,0,3206.2796,12126.3981,118,24,0.310478,7,2,6,5,certificate
372,13,13,0,3816.6070,14958.0351,127,22,0.338033,7,2,7,6,certificate
373,16,16,0,4173.9644,16619.8222,129,26,0.341851,7,2,7,6,certificate
374,16,16,0,3544.5231,14007.6154,111,24,0.408603,7,2,7,6,certificate
375,14,14,0,3169.0924,11800.4621,124,27,0.332277,7,2,7,6,certificate
376,15,15,0,3798.2207,15091.1034,118,24,0.345916,7,2,7,6,certificate
377,14,14,0,3535.3922,13556.9611,126,23,0.314268,7,2,7,6,certificate
378,14,14,0,3009.0822,11440.4112,109,23,0.288016,7,3,7,6,certificate
379,13,13,0,3668.2204,14511.1018,117,21,0.316246,7,2,7,6,certificate
380,10,10,0,3154.0517,12080.2585,115,19,0.358342,7,2,7,6,certificate
381,16,16,0,3480.9025,13979.5126,102,25,0.507812,7,2,6,5,certificate
382,10,10,0,3124.3397,11741.6985,121,17,0.276606,7,3,7,6,certificate
383,12,12,0,3800.7012,15008.5060,124,25,0.351536,7,2,7,6,certificate
384,15,15,0,3452.3620,12911.8100,133,26,0.295928,7,2,7,6,certificate
385,12,12,0,3356.0253,12950.1266,118,20,0.298337,7,3,7,6,certificate
386,12,12,0,3500.0116,13445.0579,126,23,0.377196,7,2,7,6,certificate
387,10,10,0,3154.1787,12050.8937,116,18,0.255834,7,3,7,6,certificate
388,14,14,0,3420.8053,13709.0265,102,25,0.328693,7,2,7,6,certificate
389,15,15,0,3722.6429,14738.2147,117,24,0.385689,7,2,7,6,certificate
390,11,11,0,3209.7905,12448.9523,111,19,0.321230,7,2,7,6,certificate
391,14,14,0,4514.0339,18635.1693,120,23,0.380303,7,2,7,6,certificate
392,12,12,0,3404.4694,13247.3469,116,19,0.297670,7,2,7,6,certificate
393,16,16,0,3646.9372,14724.6858,104,22,0.295239,7,2,6,5,certificate
394,14,14,0,3690.2829,14521.4143,120,22,0.323580,7,2,7,6,certificate
395,14,14,0,3894.8323,15429.1616,123,24,0.307679,7,2,7,6,certificate
396,11,11,0,3364.2197,13111.0983,115,20,0.276880,7,2,7,6,certificate
397,16,16,0,3193.0911,12535.4554,101,21,0.219276,7,2,5,4,certificate
398,14,14,0,3917.0132,15465.0659,127,27,0.361910,7,2,7,6,certificate
399,11,11,0,2908.4792,10822.3962,115,17,0.325178,7,2,7,5,certificate
400,16,16,0,3918.4093,15687.0465,117,25,0.322073,7,2,7,6,certificate
401,14,14,0,3159.4956,12122.4782,111,25,0.328011,7,2,7,6,certificate
402,10,10,0,3767.6906,14638.4531,132,19,0.277607,7,2,7,6,certificate
403,11,11,0,3748.4238,14202.1192,143,23,0.379333,7,2,7,6,certificate
404,10,10,0,3113.0261,11635.1306,123,20,0.318383,7,2,7,6,certificate
405,14,14,0,3261.4733,12427.3664,118,21,0.361395,7,2,7,6,certificate
406,16,16,0,3894.2366,15671.1830,114,26,0.277348,7,2,6,5,certificate
407,10,10,0,3352.6515,12958.2574,119,17,0.240437,7,2,7,6,certificate
408,13,13,0,3621.2593,14126.2964,122,23,0.301457,7,2,7,6,certificate
409,14,14,0,3062.8763,11434.3813,118,24,0.339259,7,2,7,6,certificate
410,11,11,0,3215.9852,11884.9262,131,19,0.379754,7,2,7,6,certificate
411,15,15,0,4047.1231,16080.6154,127,24,0.263326,7,2,7,6,certificate
412,15,15,0,3216.3523,12506.7613,107,22,0.339694,7,2,7,6,certificate
413,13,13,0,3292.6568,12778.2838,112,22,0.344670,7,2,7,6,certificate
414,11,11,0,2891.3252,11016.6258,106,18,0.341679,7,2,7,6,certificate
415,16,16,0,3836.9000,15934.4998,95,22,0.367611,7,2,5,4,certificate
416,14,14,0,3413.2615,13551.3075,106,21,0.324694,7,2,7,6,certificate
417,14,14,0,3583.1691,13890.8457,123,22,0.298682,7,3,7,6,certificate
418,10,10,0,3420.5133,13207.5665,122,19,0.327791,7,2,7,6,certificate
419,15,15,0,3561.6706,13693.3531,125,24,0.422831,7,2,7,6,certificate
420,10,10,0,2628.1488,9130.7441,126,18,0.312546,7,3,7,6,certificate
421,11,11,0,3378.4572,13167.2860,116,19,0.323915,7,2,7,6,certificate
422,13,13,0,3482.4971,13112.4853,133,24,0.345991,7,2,7,6,certificate
423,14,14,0,3489.4146,13412.0731,123,26,0.373985,7,2,7,6,certificate
424,15,15,0,3003.6975,11293.4877,112,22,0.547111,7,2,7,6,certificate
425,13,13,0,3322.9922,12494.9609,127,23,0.392760,7,2,7,6,certificate
426,10,10,0,3160.8929,11599.4645,132,16,0.289290,7,2,7,6,certificate
427,13,13,0,3122.0354,11805.1771,117,23,0.284642,7,2,7,6,certificate
428,15,15,0,3016.5842,11292.9208,114,24,0.256535,7,2,7,6,certificate
429,11,11,0,3287.7529,12513.7645,122,20,0.305487,7,3,7,6,certificate
430,16,16,0,3643.5983,14502.9916,111,22,0.300189,7,2,6,5,certificate
431,16,16,0,3582.2319,13771.1596,127,24,0.263908,7,2,6,5,certificate
432,10,10,0,3050.9505,11289.7524,124,22,0.386761,7,2,7,6,certificate
433,14,14,0,3953.7516,15733.7582,123,22,0.332687,7,2,7,6,certificate
434,15,15,0,3459.8530,13699.2650,108,24,0.327617,7,2,7,6,certificate
435,14,14,0,3185.7073,12053.5363,118,22,0.307880,7,2,7,6,certificate
436,11,11,0,3243.7254,12483.6271,116,19,0.350407,7,2,7,6,certificate
437,14,14,0,2898.9404,10439.7022,123,21,0.349249,7,2,7,6,certificate
438,14,14,0,3398.9443,12694.7217,132,27,0.433952,7,3,7,6,certificate
439,16,16,0,3933.9720,16054.8600,108,25,0.350375,7,2,7,6,certificate
440,15,15,0,3853.5490,15427.7449,116,22,0.310488,7,3,7,6,certificate
441,13,13,0,3414.8768,13344.3840,114,21,0.325010,7,2,7,6,certificate
442,13,13,0,3256.1148,12815.5739,105,22,0.289236,7,2,7,6,certificate
443,16,16,0,3834.0607,15360.3035,114,24,0.306242,7,3,7,6,certificate
444,16,16,0,3604.5107,14557.5534,103,24,0.252456,7,2,6,5,certificate
445,12,12,0,3059.1800,11675.8999,111,21,0.333494,7,2,7,6,certificate
446,11,11,0,3223.8354,12339.1768,117,20,0.237959,7,2,7,6,certificate
447,10,10,0,3216.6808,11958.4041,131,21,0.348923,7,2,7,6,certificate
448,11,11,0,2878.2850,10701.4252,114,17,0.315909,7,3,7,6,certificate
449,10,10,0,3231.0142,12390.0709,117,16,0.256417,7,2,7,6,certificate
450,10,10,0,3173.0518,11780.2588,128,21,0.344884,7,2,7,6,certificate
451,12,12,0,3277.6268,12643.1342,115,20,0.296671,7,2,7,6,certificate
452,10,10,0,3504.1613,13705.8066,119,19,0.327954,7,2,7,6,certificate
453,10,10,0,3574.0161,13990.0804,121,18,0.293838,7,2,7,6,certificate
454,10,10,0,3855.2355,15316.1775,124,19,0.365451,7,2,7,6,certificate
455,15,15,0,3237.6899,12313.4495,117,23,0.306639,7,2,7,6,certificate
456,11,11,0,2920.4054,10702.0271,121,20,0.293513,7,2,7,6,certificate
457,13,13,0,3283.2789,12566.3944,118,21,0.276935,7,3,7,6,certificate
458,11,11,0,3647.2517,14376.2586,120,21,0.324706,7,2,7,6,certificate
459,16,16,0,3380.6559,13268.2793,109,22,0.212396,7,2,6,5,certificate
460,15,15,0,3831.4198,15172.0988,121,23,0.321587,7,2,7,6,certificate
461,14,14,0,3651.0135,14320.0674,120,22,0.319204,7,2,7,6,certificate
462,11,11,0,3228.0801,12075.4005,127,19,0.323063,7,2,7,6,certificate
463,13,13,0,3649.7180,13998.5902,131,21,0.294834,7,2,7,6,certificate
464,13,13,0,3485.7875,13318.9376,126,20,0.322786,7,2,7,6,certificate
465,16,16,0,3005.4326,11427.1629,107,23,0.314957,7,2,7,6,certificate
466,15,15,0,3109.8573,11979.2864,107,23,0.294656,7,2,7,6,certificate
467,15,15,0,2974.1180,11385.5902,104,22,0.421360,7,2,7,6,certificate
468,16,16,0,3789.0587,15900.2937,89,24,0.540959,7,2,5,4,certificate
469,14,14,0,3500.2810,13456.4048,123,25,0.355567,7,2,7,6,certificate
470,12,12,0,3435.6014,13258.0070,121,22,0.310766,7,2,7,6,certificate
471,16,16,0,3600.4723,14382.3613,108,28,0.480441,7,2,5,4,certificate
472,12,12,0,3898.2748,15496.3742,123,23,0.344703,7,2,7,6,certificate
473,10,10,0,2853.4641,10517.3203,117,16,0.247552,7,2,7,6,certificate
474,11,11,0,3143.1584,11900.7920,118,18,0.285278,7,3,7,6,certificate
475,14,14,0,3917.1131,15480.5654,125,24,0.367030,7,2,7,6,certificate
476,11,11,0,3195.4720,12077.3601,121,19,0.280724,7,2,7,6,certificate
477,11,11,0,3430.8630,13379.3149,117,20,0.272624,7,2,7,6,certificate
478,16,16,0,3413.5244,13407.6219,109,27,0.361223,7,2,7,6,certificate
479,11,11,0,3133.2479,11561.2396,128,20,0.414678,7,2,7,6,certificate
480,12,12,0,3209.6925,11948.4627,127,20,0.271901,7,3,7,6,certificate
481,15,15,0,3470.7218,13473.6091,117,25,0.559934,7,2,7,6,certificate
482,12,12,0,3474.6428,13698.2138,113,21,0.350370,7,2,7,6,certificate
483,15,15,0,4333.9884,17274.9422,134,25,0.386859,7,2,7,6,certificate
484,14,14,0,3381.5954,12942.9772,121,22,0.331158,7,2,7,6,certificate
485,12,12,0,3726.0176,14475.0879,129,21,0.331296,7,2,7,6,certificate
486,14,14,0,3442.5720,13487.8598,113,26,0.350969,7,2,7,6,certificate
487,10,10,0,3365.2465,12616.2325,132,18,0.307656,7,2,7,6,certificate
488,14,14,0,3314.5686,12642.8432,120,23,0.272283,7,2,7,6,certificate
489,15,15,0,4578.7724,18608.8618,130,25,0.310248,7,2,7,6,certificate
490,14,14,0,2839.1059,10305.5295,118,23,0.322946,7,2,7,6,certificate
491,16,16,0,3659.8687,14669.3437,108,25,0.389763,7,2,7,6,certificate
492,16,16,0,3961.7474,15848.7369,119,27,0.317929,7,3,7,6,certificate
493,11,11,0,3174.9046,12164.5232,115,20,0.402627,7,2,7,5,certificate
494,14,14,0,3227.5393,12212.6967,120,24,0.347992,7,2,7,6,certificate
495,10,10,0,2727.3935,9801.9675,120,17,0.321061,7,2,7,6,certificate
496,12,12,0,3051.7267,11408.6335,119,22,0.345565,7,2,7,6,certificate
497,11,11,0,2961.1007,10515.5035,134,18,0.291745,7,2,7,6,certificate
498,11,11,0,3445.9200,13329.5998,121,19,0.373645,7,2,7,6,certificate
499,16,16,0,3557.1501,14005.7503,113,28,0.274325,7,3,6,5,certificate
500,10,10,0,3111.3987,11926.9936,113,20,0.265667,7,2,7,6,certificate
501,12,12,0,3519.4618,13867.3089,115,22,0.325385,7,2,7,6,certificate
502,12,12,0,2963.8198,11039.0989,117,21,0.387351,7,2,7,6,certificate
503,14,14,0,3319.5807,12757.9034,117,25,0.366390,7,2,7,6,certificate
504,10,10,0,3134.2431,11961.2157,116,17,0.256241,7,2,7,6,certificate
505,11,11,0,3168.5864,11712.9320,129,19,0.289532,7,3,7,6,certificate
506,14,14,0,3979.8116,16179.0580,114,23,0.322129,7,2,7,6,certificate
507,11,11,0,3232.6890,12293.4450,120,18,0.260933,7,3,7,6,certificate
508,11,11,0,3488.4272,13662.1361,117,20,0.329419,7,2,7,6,certificate
509,15,15,0,3588.9820,13884.9102,123,25,0.408683,7,2,7,6,certificate
510,13,13,0,3555.7515,13663.7575,127,22,0.382353,7,2,7,6,certificate
511,10,10,0,3072.6854,11543.4272,120,22,0.399116,7,2,7,6,certificate
512,13,13,0,3086.4010,11917.0050,107,19,0.320336,7,2,7,6,certificate
513,12,12,0,3409.5280,13187.6399,119,19,0.268006,7,2,7,6,certificate
514,16,16,0,3465.9591,13139.7956,127,25,0.358810,7,2,6,5,certificate
515,11,11,0,4284.7364,17348.6819,127,19,0.314991,7,2,7,6,certificate
516,10,10,0,2519.1652,8905.8260,115,17,0.297866,7,2,7,6,certificate
517,14,14,0,3340.6207,12888.1034,116,23,0.347330,7,2,7,6,certificate
518,12,12,0,3028.2272,11276.1361,119,22,0.364260,7,4,7,6,certificate
519,12,12,0,3370.8798,12394.3990,139,23,0.318457,7,4,7,6,certificate
520,10,10,0,2920.7493,10673.7464,123,18,0.327491,7,2,7,6,certificate
521,10,10,0,2836.0331,10435.1657,117,19,0.343105,7,3,7,6,certificate
522,12,12,0,3012.6046,11258.0229,117,21,0.338627,7,2,7,6,certificate
523,15,15,0,3807.3921,15101.9605,119,27,0.541161,7,2,7,6,certificate
524,14,14,0,3613.2378,14131.1892,120,20,0.283722,7,2,7,6,certificate
525,10,10,0,3506.0045,13610.0227,123,17,0.283738,7,2,7,6,certificate
526,15,15,0,3977.7028,15933.5142,120,26,0.335922,7,2,7,6,certificate
527,12,12,0,3316.2971,12016.4855,142,22,0.362988,7,2,7,6,certificate
528,16,16,0,3936.3632,15546.8160,125,26,0.346086,7,2,7,6,certificate
529,11,11,0,3205.8480,12134.2398,121,18,0.317460,7,2,7,6,certificate
530,10,10,0,3092.9079,11684.5397,118,19,0.299816,7,2,7,6,certificate
531,12,12,0,3778.6077,14848.0385,125,20,0.299193,7,3,7,6,certificate
532,16,16,0,3313.9261,12484.6306,123,25,0.362541,7,2,7,6,certificate
533,12,12,0,3633.1853,13880.9267,133,20,0.343226,7,3,7,6,certificate
534,10,10,0,2948.6773,10863.3865,122,19,0.384617,7,2,7,6,certificate
535,14,14,0,3680.2082,14421.0412,122,29,0.397008,7,2,7,6,certificate
536,12,12,0,3332.8298,12559.1488,127,19,0.291478,7,2,7,6,certificate
537,12,12,0,4744.0390,19720.1949,124,23,0.361134,7,3,7,6,certificate
538,13,13,0,3319.9775,12349.8876,131,23,0.373130,7,2,7,6,certificate
539,13,13,0,3405.2020,13316.0098,114,23,0.275933,7,2,7,6,certificate
540,16,16,0,3834.0466,15545.2331,108,25,0.305744,7,2,6,5,certificate
541,14,14,0,3598.6419,14318.2093,111,22,0.272131,7,2,7,6,certificate
542,16,16,0,3711.1216,14365.6078,127,27,0.385733,7,2,6,5,certificate
543,16,16,0,3079.9303,11684.6517,111,23,0.269739,7,2,6,5,certificate
544,12,12,0,3334.4235,12797.1175,120,21,0.322852,7,2,7,6,certificate
545,12,12,0,3432.9322,13309.6612,119,24,0.310732,7,2,7,6,certificate
546,13,13,0,3617.4780,14062.3899,124,24,0.331437,7,2,7,6,certificate
547,14,14,0,3080.2169,11216.0847,128,23,0.345025,7,2,7,6,certificate
548,10,10,0,3522.7365,13213.6823,139,20,0.332165,7,4,7,6,certificate
549,12,12,0,3525.4474,13832.2368,117,22,0.415989,7,2,7,6,certificate
550,14,14,0,3515.6096,13703.0480,118,22,0.270327,7,2,7,6,certificate
551,16,16,0,3617.4445,14027.2225,123,25,0.463642,7,2,7,6,certificate
552,11,11,0,2911.3384,10631.6921,122,21,0.349239,7,2,7,6,certificate
553,12,12,0,3911.9011,15254.5054,134,24,0.300997,7,2,7,6,certificate
554,13,13,0,3620.8868,14239.4340,118,23,0.333113,7,2,7,6,certificate
555,13,13,0,3835.1123,15365.5616,117,22,0.318277,7,2,7,6,certificate
556,12,12,0,3385.6127,12923.0637,124,19,0.332664,7,2,7,6,certificate
557,16,16,0,4397.1898,18015.9492,120,27,0.365276,7,2,7,6,certificate
558,11,11,0,2970.1337,11285.6683,110,18,0.318341,7,2,7,6,certificate
559,10,10,0,2583.9694,9254.8470,114,16,0.294620,7,2,7,6,certificate
560,12,12,0,2624.0118,9585.0591,108,21,0.309591,7,2,7,6,certificate
561,16,16,0,3662.3750,14561.8750,112,29,0.483141,7,2,7,6,certificate
562,15,15,0,3454.2326,13206.1632,123,23,0.269127,7,2,7,6,certificate
563,11,11,0,3505.7485,13633.7425,121,19,0.314914,7,2,7,6,certificate
564,10,10,0,3080.9992,11599.9958,119,18,0.311580,7,3,7,6,certificate
565,12,12,0,2999.7947,11183.9733,118,23,0.338964,7,2,7,6,certificate
566,11,11,0,3214.6013,11788.0065,134,21,0.316148,7,2,7,6,certificate
567,14,14,0,4032.9441,16139.7207,123,26,0.362889,7,2,7,6,certificate
568,14,14,0,3663.3150,14536.5749,115,23,0.329620,7,2,7,6,certificate
569,14,14,0,3634.9405,14239.7025,120,25,0.353585,7,2,7,6,certificate
570,12,12,0,3539.1115,13835.5577,119,22,0.407560,7,2,7,6,certificate
571,16,16,0,3576.9013,14434.5066,102,24,0.294660,7,2,5,4,certificate
572,13,13,0,2944.2482,10721.2411,123,21,0.327912,7,2,7,6,certificate
573,11,11,0,3327.2628,12831.3142,118,21,0.374552,7,2,7,6,certificate
574,10,10,0,3393.2701,13311.3505,114,18,0.319503,7,2,7,6,certificate
575,13,13,0,3286.4427,12952.2137,106,27,0.379607,7,2,7,6,certificate
576,10,10,0,2992.9719,11064.8596,122,19,0.320287,7,3,7,6,certificate
577,16,16,0,3405.7437,13028.7187,121,25,0.374733,7,2,6,5,certificate
578,14,14,0,2969.9328,11219.6641,110,24,0.294506,7,2,7,6,certificate
579,16,16,0,4233.9160,16659.5801,138,28,0.363118,7,2,7,6,certificate
580,16,16,0,3744.0856,15055.4278,110,23,0.317697,7,2,5,4,certificate
581,13,13,0,3109.0293,11390.1464,128,20,0.437293,7,2,7,6,certificate
582,13,13,0,3494.8150,13739.0751,114,24,0.340409,7,2,7,6,certificate
583,13,13,0,3123.9156,11689.5779,120,21,0.345097,7,2,7,6,certificate
584,14,14,0,3769.1029,15180.5146,111,23,0.306945,7,2,7,6,certificate
585,10,10,0,3007.2100,11286.0501,117,19,0.311824,7,2,7,6,certificate
586,16,16,0,3600.5612,14072.8061,118,25,0.345713,7,2,7,6,certificate
587,15,15,0,3837.1555,15225.7776,120,25,0.384705,7,2,7,6,certificate
588,16,16,0,3188.6816,12158.4079,113,24,0.321719,7,2,6,5,certificate
589,12,12,0,3338.1730,13035.8650,112,20,0.363580,7,2,7,6,certificate
590,12,12,0,3418.1281,13410.6403,113,22,0.347443,7,2,7,6,certificate
591,13,13,0,3557.1574,13400.7871,136,24,0.315304,7,2,7,6,certificate
592,13,13,0,3370.7686,13178.8430,112,23,0.433392,7,2,7,6,certificate
593,12,12,0,3662.2117,14281.0586,125,20,0.368812,7,3,7,6,certificate
594,11,11,0,3653.5161,14162.5807,128,17,0.332220,7,3,7,6,certificate
595,13,13,0,3297.8036,12909.0178,109,19,0.282259,7,2,7,6,certificate
596,14,14,0,3291.2884,12701.4419,114,21,0.289836,7,2,7,6,certificate
597,14,14,0,3193.7828,12178.9138,115,24,0.375834,7,2,7,6,certificate
598,11,11,0,3345.6081,12103.0405,145,22,0.391695,7,2,7,6,certificate
599,11,11,0,3609.9426,14184.7131,120,17,0.230267,7,3,7,6,certificate
600,13,13,0,2943.7546,11318.7731,103,20,0.286894,7,2,7,6,certificate
601,10,10,0,2730.2544,10116.2718,110,18,0.355702,7,2,7,6,certificate
602,15,15,0,4000.0757,16050.3787,120,25,0.417574,7,2,7,6,certificate
603,15,15,0,3157.9934,12064.9669,112,22,0.322857,7,2,7,6,certificate
604,14,14,0,3387.9934,12984.9672,121,22,0.332251,7,2,7,6,certificate
605,15,15,0,3284.3961,12571.9806,116,23,0.290042,7,2,7,6,certificate
606,13,13,0,3471.3688,13246.8439,127,23,0.343499,7,2,7,6,certificate
607,13,13,0,3074.2461,11521.2307,118,22,0.372700,7,2,7,6,certificate
608,13,13,0,3570.4132,13862.0661,123,21,0.295652,7,3,7,6,certificate
609,15,15,0,3592.2245,13996.1227,120,25,0.301516,7,2,7,6,certificate
610,13,13,0,4118.7002,16498.5010,126,21,0.283010,7,3,7,6,certificate
611,10,10,0,3199.9731,12314.8655,115,18,0.340788,7,3,7,6,certificate
612,11,11,0,2633.8452,9389.2258,117,21,0.274961,7,2,7,6,certificate
613,13,13,0,3212.0766,11850.3828,130,24,0.317696,7,3,7,6,certificate
614,14,14,0,3911.3884,15586.9420,121,24,0.337441,7,2,7,6,certificate
615,10,10,0,3534.2756,13666.3781,126,19,0.343376,7,2,7,6,certificate
616,12,12,0,3570.9504,13809.7521,125,19,0.290284,7,2,7,6,certificate
617,10,10,0,3422.5119,13187.5597,123,20,0.305470,7,2,7,6,certificate
618,10,10,0,3270.2270,12511.1351,120,16,0.280642,7,3,7,6,certificate
619,12,12,0,2951.8987,10989.4936,116,19,0.345793,7,2,7,6,certificate
620,10,10,0,3156.6525,11698.2626,128,19,0.322029,7,2,7,6,certificate
621,15,15,0,4417.3637,17971.8185,125,23,0.332144,7,2,7,6,certificate
622,15,15,0,3583.8402,14294.2010,109,25,0.322026,7,2,7,6,certificate
623,16,16,0,3450.8606,13384.3031,116,24,0.262378,7,2,6,5,certificate
624,12,12,0,3933.4793,15552.3967,128,21,0.301482,7,2,7,6,certificate
625,13,13,0,3181.8770,12084.3852,117,20,0.273200,7,2,7,6,certificate
626,12,12,0,3601.7041,14273.5207,115,22,0.377550,7,2,7,6,certificate
627,14,14,0,4012.4776,15862.3882,129,28,0.410181,7,2,7,6,certificate
628,16,16,0,3793.7296,14988.6479,120,23,0.341959,7,2,7,6,certificate
629,10,10,0,2890.9679,10649.8393,119,20,0.354414,7,2,7,6,certificate
630,14,14,0,3197.1848,12495.9240,105,22,0.303848,7,2,7,6,certificate
631,11,11,0,2853.0064,10555.0320,115,19,0.325972,7,2,7,6,certificate
632,11,11,0,3378.2953,13031.4764,120,20,0.361463,7,2,7,6,certificate
633,15,15,0,3692.2831,14671.4153,113,25,0.350195,7,2,7,6,certificate
634,14,14,0,3950.6103,15938.0517,116,23,0.330978,7,2,7,6,certificate
635,10,10,0,3593.2860,14061.4301,122,19,0.323817,7,2,7,6,certificate
636,12,12,0,3625.3341,14366.6706,116,22,0.345026,7,2,7,6,certificate
637,10,10,0,3573.0254,13845.1272,126,20,0.286880,7,2,7,6,certificate
638,16,16,0,3918.0479,15550.2395,122,24,0.292362,7,2,7,6,certificate
639,16,16,0,3168.1739,12000.8695,115,25,0.380411,7,2,7,6,certificate
640,15,15,0,3611.1834,14280.9170,114,23,0.296437,7,2,7,6,certificate
641,13,13,0,2970.3657,10696.8287,128,21,0.347334,7,2,7,6,certificate
642,12,12,0,3546.9814,13764.9070,123,20,0.354652,7,2,7,6,certificate
643,11,11,0,3112.6792,11848.3959,115,19,0.376893,7,2,7,6,certificate
644,15,15,0,3549.3887,13956.9435,114,22,0.470796,7,2,7,6,certificate
645,13,13,0,3482.6237,13643.1185,115,21,0.327667,7,2,7,6,certificate
646,13,13,0,3426.4212,13197.1060,121,20,0.316331,7,2,7,6,certificate
647,13,13,0,3487.0081,13515.0405,120,24,0.346213,7,2,7,6,certificate
648,15,15,0,3633.7108,13963.5542,128,25,0.365175,7,3,7,6,certificate
649,15,15,0,4038.0325,16190.1623,122,27,0.392047,7,2,7,6,certificate
650,11,11,0,2762.0534,10300.2672,108,18,0.302443,7,2,7,6,certificate
651,11,11,0,3659.4924,14172.4618,129,20,0.339734,7,2,7,6,certificate
652,11,11,0,2988.1334,11050.6669,121,18,0.291951,7,2,7,6,certificate
653,16,16,0,2952.8070,11434.0349,99,23,0.290306,7,2,4,3,certificate
654,12,12,0,3306.6825,12573.4127,123,19,0.285200,7,2,7,6,certificate
655,13,13,0,2992.9135,10979.5675,123,21,0.259731,7,2,7,6,certificate
656,16,16,0,4387.6183,18258.0915,110,29,0.499471,7,2,7,6,certificate
657,16,16,0,3395.0809,13025.4045,119,24,0.337845,7,2,7,6,certificate
658,10,10,0,3434.0828,13240.4141,123,22,0.390688,7,2,7,6,certificate
659,15,15,0,4191.7081,17018.5404,120,23,0.328367,7,2,7,6,certificate
660,14,14,0,3769.6566,14868.2831,121,25,0.337030,7,2,7,6,certificate
661,13,13,0,3659.9882,14189.9410,127,28,0.589872,7,2,7,6,certificate
662,15,15,0,3196.0501,11855.2507,125,23,0.355700,7,2,7,6,certificate
663,16,16,0,2983.9104,11474.5519,102,24,0.333815,7,2,6,5,certificate
664,10,10,0,3363.6347,12713.1736,129,20,0.318463,7,2,7,6,certificate
665,16,16,0,3663.0971,14675.4855,108,23,0.318631,7,2,6,5,certificate
666,13,13,0,3173.8646,12349.3229,107,23,0.339660,7,2,7,6,certificate
667,11,11,0,2789.1071,10060.5356,121,18,0.314458,7,2,7,6,certificate
668,14,14,0,3504.6720,13553.3598,121,24,0.319666,7,2,7,6,certificate
669,14,14,0,3790.1894,14720.9471,130,24,0.300944,7,2,7,6,certificate
670,11,11,0,3978.6974,15918.4871,124,20,0.368589,7,2,7,6,certificate
671,12,12,0,3473.5550,13562.7751,117,24,0.335537,7,2,7,6,certificate
672,10,10,0,3299.7054,12333.5270,132,20,0.302353,7,2,7,6,certificate
673,13,13,0,3459.2363,13751.1816,108,23,0.312145,7,2,7,6,certificate
674,11,11,0,3041.9693,11554.8465,113,20,0.310272,7,2,7,6,certificate
675,15,15,0,3459.0563,13605.2814,111,22,0.467503,7,2,7,6,certificate
676,13,13,0,3009.0046,11185.0228,118,21,0.328362,7,2,7,6,certificate
677,14,14,0,3260.6403,12143.2013,127,22,0.323234,7,2,7,6,certificate
678,13,13,0,4054.7780,16753.8902,107,22,0.335949,7,2,7,6,certificate
679,10,10,0,3225.5361,12172.6803,124,18,0.340096,7,2,7,6,certificate
680,12,12,0,3580.6769,13903.3846,124,22,0.338192,7,2,7,6,certificate
681,12,12,0,3404.5385,13227.6926,117,19,0.370449,7,2,7,6,certificate
682,15,15,0,3740.4270,14707.1349,121,25,0.331513,7,2,7,6,certificate
683,11,11,0,2872.8319,10654.1596,115,18,0.282418,7,2,7,6,certificate
684,10,10,0,2991.4206,10877.1032,128,19,0.342670,7,2,7,6,certificate
685,12,12,0,3633.0021,14305.0107,119,19,0.324923,7,2,7,6,certificate
686,10,10,0,3166.2000,12171.0002,114,19,0.324043,7,2,7,6,certificate
687,11,11,0,3195.4975,11797.4873,131,21,0.307481,7,2,7,6,certificate
688,12,12,0,3503.7029,13688.5146,118,23,0.364031,7,2,7,6,certificate
689,12,12,0,3035.0682,11580.3412,110,20,0.353495,7,2,7,6,certificate
690,14,14,0,3583.1610,13375.8050,140,28,0.467876,7,2,7,6,certificate
691,11,11,0,3141.3153,12111.5764,111,19,0.387506,7,2,7,6,certificate
692,13,13,0,3344.7553,12803.7766,121,23,0.602851,7,2,7,6,certificate
693,12,12,0,3458.0669,13225.3347,126,20,0.298211,7,4,7,6,certificate
694,10,10,0,3306.1535,12485.7673,127,20,0.333810,7,2,7,6,certificate
695,15,15,0,3502.9960,13384.9801,126,26,0.349684,7,2,7,6,certificate
696,15,15,0,3859.5976,15047.9878,130,22,0.262419,7,2,7,6,certificate
697,15,15,0,3503.4107,13587.0534,119,23,0.303337,7,4,7,6,certificate
698,10,10,0,3294.2643,12686.3215,118,18,0.282784,7,2,7,6,certificate
699,16,16,0,4397.0786,17990.3929,121,30,0.463355,7,2,7,6,certificate
700,13,13,0,4019.8645,15674.3225,137,26,0.377521,7,2,7,6,certificate
701,14,14,0,3719.3689,14631.8446,121,25,0.341881,7,2,7,6,certificate
702,10,10,0,3537.3037,13811.5187,121,20,0.306769,7,2,7,6,certificate
703,16,16,0,3666.1254,14280.6268,122,25,0.368553,7,3,7,6,certificate
704,12,12,0,3114.5673,11832.8367,115,19,0.296677,7,2,7,6,certificate
705,11,11,0,3464.8107,13344.0535,124,19,0.299058,7,2,7,6,certificate
706,14,14,0,3350.2062,13071.0310,111,24,0.352836,7,2,7,6,certificate
707,12,12,0,3337.9188,12764.5940,121,21,0.320351,7,2,7,6,certificate
708,15,15,0,3331.1702,12380.8511,130,25,0.347990,7,2,7,6,certificate
709,16,16,0,3862.5708,15432.8540,117,25,0.357809,7,2,7,6,certificate
710,13,13,0,3346.6721,13013.3607,114,24,0.339508,7,2,7,6,certificate
711,11,11,0,2895.9551,10789.7756,114,18,0.283511,7,3,7,6,certificate
712,11,11,0,3044.9793,11324.8967,121,24,0.497139,7,2,7,6,certificate
713,11,11,0,3401.2091,13056.0453,123,19,0.285700,7,2,7,6,certificate
714,13,13,0,3389.2501,12451.2506,139,20,0.313108,7,2,7,6,certificate
715,12,12,0,3265.7284,12533.6421,117,22,0.320981,7,2,7,6,certificate
716,10,10,0,3129.6012,11798.0059,120,17,0.276067,7,3,7,6,certificate
717,15,15,0,3339.1750,12340.8751,133,22,0.252186,7,2,7,6,certificate
718,12,12,0,3597.3789,14126.8943,119,21,0.330046,7,2,7,6,certificate
719,10,10,0,3166.0143,11630.0717,131,22,0.390155,7,2,7,6,certificate
720,14,14,0,3769.5425,14552.7125,132,24,0.397593,7,2,7,6,certificate
721,11,11,0,3247.9605,12399.8026,119,21,0.357687,7,2,7,6,certificate
722,12,12,0,3605.1909,14170.9544,119,19,0.260155,7,3,7,6,certificate
723,13,13,0,3294.0862,12460.4309,123,21,0.457418,7,2,7,6,certificate
724,13,13,0,3229.9917,12024.9583,127,20,0.254903,7,2,7,6,certificate
725,15,15,0,3940.0476,15865.2380,116,25,0.384065,7,2,7,6,certificate
726,11,11,0,3769.9208,14714.6041,129,22,0.350584,7,2,7,6,certificate
727,12,12,0,3101.1612,11760.8058,115,19,0.271826,7,3,7,6,certificate
728,16,16,0,3962.4502,16157.2511,109,23,0.313903,7,2,6,5,certificate
729,13,13,0,3678.9253,14244.6267,128,24,0.308427,7,2,7,6,certificate
730,12,12,0,2985.4099,11287.0496,112,22,0.418568,7,2,7,6,certificate
731,13,13,0,2991.2673,11076.3365,119,23,0.319434,7,2,7,6,certificate
732,16,16,0,3777.9483,14814.7416,123,24,0.380721,7,2,7,6,certificate
733,10,10,0,3129.6377,11863.1883,118,18,0.296713,7,2,7,6,certificate
734,11,11,0,3266.0889,12460.4443,121,21,0.366228,7,3,7,6,certificate
735,10,10,0,3029.0974,11220.4871,123,20,0.391702,7,2,7,6,certificate
736,15,15,0,3768.7182,14998.5909,116,24,0.282570,7,2,7,6,certificate
737,14,14,0,3282.9569,12579.7845,117,25,0.365639,7,3,7,6,certificate
738,13,13,0,3815.8314,15229.1568,118,24,0.313851,7,2,7,6,certificate
739,16,16,0,3212.0732,12455.3662,107,24,0.211004,7,2,4,3,certificate
740,14,14,0,3428.7180,13468.5900,111,23,0.547365,7,2,7,6,certificate
741,11,11,0,2954.1365,10900.6823,120,19,0.296507,7,3,7,6,certificate
742,13,13,0,3419.8214,13239.1072,118,22,0.271831,7,2,7,6,certificate
743,12,12,0,3687.5436,14542.7178,120,23,0.361197,7,2,7,6,certificate
744,14,14,0,3305.8537,12664.2683,118,24,0.328696,7,2,7,6,certificate
745,16,16,0,3832.0249,15385.1243,113,27,0.371551,7,2,7,6,certificate
746,12,12,0,3323.2057,12396.0286,131,19,0.278881,7,2,7,6,certificate
747,10,10,0,3121.6844,11678.4219,123,18,0.309261,7,2,7,6,certificate
748,11,11,0,3215.2184,12421.0921,113,18,0.330782,7,2,7,6,certificate
749,14,14,0,3192.6103,11958.0514,122,25,0.333032,7,2,7,6,certificate
750,15,15,0,3240.7471,11968.7356,131,34,0.455521,7,2,7,6,certificate
751,12,12,0,2852.1385,10630.6926,112,20,0.409401,7,2,7,6,certificate
752,10,10,0,3312.2284,12511.1420,127,18,0.349877,7,2,7,6,certificate
753,14,14,0,3689.7600,14813.8002,110,24,0.350097,7,2,7,6,certificate
754,13,13,0,3912.5730,15617.8649,122,23,0.317717,7,2,7,6,certificate
755,11,11,0,3423.4141,13167.0703,123,22,0.290019,7,2,7,6,certificate
756,12,12,0,3218.3685,12271.8423,118,22,0.328272,7,2,7,6,certificate
757,10,10,0,2964.0424,11160.2118,114,18,0.276472,7,2,7,6,certificate
758,11,11,0,3486.1301,13235.6503,131,20,0.291795,7,2,7,6,certificate
759,13,13,0,3557.5895,14057.9473,114,23,0.301165,7,2,7,6,certificate
760,10,10,0,3306.8172,12789.0860,117,19,0.315022,7,3,7,6,certificate
761,11,11,0,3206.6136,12008.0679,126,21,0.356660,7,2,7,6,certificate
762,11,11,0,3778.8553,14629.2765,134,18,0.295506,7,2,7,6,certificate
763,13,13,0,3140.4225,11357.1126,134,20,0.314059,7,2,7,6,certificate
764,11,11,0,2908.0599,11090.2996,106,19,0.302351,7,2,7,6,certificate
765,12,12,0,2737.5027,10097.5135,110,18,0.280765,7,2,7,6,certificate
766,15,15,0,3072.4995,11502.4975,117,23,0.645256,7,2,7,6,certificate
767,10,10,0,3048.1051,11190.5255,126,18,0.351418,7,3,7,6,certificate
768,16,16,0,3187.3681,11816.8406,124,26,0.371879,7,2,6,5,certificate
769,16,16,0,3083.5751,11777.8754,109,26,1.013704,7,2,6,5,certificate
770,16,16,0,3553.4033,13962.0167,114,26,0.306936,7,2,6,5,certificate
771,14,14,0,3562.6604,14028.3020,115,22,0.290021,7,2,7,6,certificate
772,14,14,0,3651.4462,14037.2309,129,23,0.294228,7,2,7,6,certificate
773,10,10,0,3877.0002,15455.0011,123,18,0.326119,7,2,7,6,certificate
774,10,10,0,3026.9058,11219.5292,123,17,0.260907,7,2,7,6,certificate
775,10,10,0,2825.9206,10464.6032,114,17,0.296419,7,2,7,6,certificate
776,10,10,0,3401.5007,13012.5037,125,19,0.328050,7,2,7,6,certificate
777,12,12,0,3361.2159,12981.0796,118,21,0.369072,7,2,7,6,certificate
778,14,14,0,3358.3350,12791.6749,122,22,0.436636,7,2,7,6,certificate
779,15,15,0,3727.7917,14828.9583,115,26,0.418357,7,2,7,6,certificate
780,10,10,0,3340.7264,11873.6319,153,20,0.352410,7,3,7,6,certificate
781,14,14,0,2868.4370,10402.1849,120,23,0.376761,7,2,7,6,certificate
782,15,15,0,3409.6748,13383.3742,110,25,0.377118,7,2,7,6,certificate
783,15,15,0,3263.7947,12418.9737,118,23,0.365742,7,2,7,6,certificate
784,11,11,0,3092.4529,11777.2643,114,21,0.337914,7,2,7,6,certificate
785,15,15,0,4271.0928,17130.4641,129,27,0.422708,7,2,7,6,certificate
786,14,14,0,3683.3351,14681.6753,113,25,0.319449,7,2,7,6,certificate
787,11,11,0,3758.0091,14980.0453,118,22,0.351768,7,2,7,6,certificate
788,15,15,0,3754.5411,14497.7055,130,25,0.360991,7,2,7,6,certificate
789,16,16,0,3281.9865,12359.9323,122,25,0.246877,7,2,6,5,certificate
790,14,14,0,3489.2616,13431.3081,122,23,0.308363,7,3,7,6,certificate
791,12,12,0,3665.1542,14430.7709,121,19,0.252076,7,2,7,6,certificate
792,14,14,0,3884.7258,15583.6291,117,22,0.373873,7,2,7,6,certificate
793,10,10,0,2949.9205,11144.6025,112,16,0.274256,7,3,7,6,certificate
794,13,13,0,3511.5000,13402.5001,128,23,0.317511,7,2,7,6,certificate
795,11,11,0,3634.1750,14170.8751,124,18,0.292664,7,3,7,6,certificate
796,10,10,0,2918.1413,10755.7066,120,18,0.298862,7,3,7,6,certificate
797,14,14,0,3416.6605,13108.3024,121,23,0.448700,7,2,7,6,certificate
798,11,11,0,2823.0779,10740.3893,104,18,0.303672,7,2,7,6,certificate
799,16,16,0,3501.7348,13763.6740,111,24,0.449631,7,2,6,5,certificate
800,14,14,0,3623.1672,14195.8361,120,23,0.437126,7,2,7,6,certificate
801,13,13,0,3516.9135,13799.5674,116,21,0.331139,7,2,7,6,certificate
802,13,13,0,2972.5458,11232.7288,110,19,0.295069,7,2,7,6,certificate
803,11,11,0,2588.4817,9192.4083,116,18,0.376985,7,2,7,6,certificate
804,11,11,0,3505.7078,13493.5388,125,17,0.325059,7,2,7,6,certificate
805,16,16,0,3597.5769,14362.8847,108,25,0.366082,7,2,6,5,certificate
806,15,15,0,3871.3582,15551.7911,114,24,0.262762,7,2,7,6,certificate
807,15,15,0,3809.8129,14779.0643,130,23,0.309488,7,2,7,6,certificate
808,16,16,0,3422.5626,13412.8130,111,23,0.310913,7,2,6,5,certificate
809,15,15,0,3966.1814,15600.9072,129,27,0.344068,7,2,7,6,certificate
810,14,14,0,3306.6547,12773.2735,114,24,0.368495,7,2,7,6,certificate
811,14,14,0,3691.9524,14254.7622,129,24,0.338227,7,2,7,6,certificate
812,10,10,0,3033.7165,11538.5826,113,19,0.311519,7,2,7,6,certificate
813,13,13,0,3528.7716,13643.8579,123,24,0.366955,7,2,7,6,certificate
814,16,16,0,3465.1999,13740.9994,107,26,0.464823,7,2,6,5,certificate
815,14,14,0,3516.5601,13427.8004,129,26,0.397077,7,2,7,6,certificate
816,16,16,0,3984.4459,16112.2297,114,25,0.305210,7,2,6,5,certificate
817,16,16,0,4084.0577,16825.2883,107,27,0.342170,7,2,6,5,certificate
818,12,12,0,2988.0082,11225.0409,114,19,0.304489,7,2,7,6,certificate
819,11,11,0,3627.1268,14050.6338,128,19,0.273503,7,2,7,6,certificate
820,12,12,0,2596.8279,9609.1394,103,20,0.572218,7,2,7,6,certificate
821,12,12,0,3828.9307,15314.6534,118,20,0.283535,7,2,7,6,certificate
822,14,14,0,3977.1397,15975.6984,119,24,0.325998,7,2,7,6,certificate
823,10,10,0,3497.6289,13768.1444,116,17,0.311497,7,2,7,6,certificate
824,14,14,0,3320.8653,12634.3263,121,23,0.766113,7,2,7,6,certificate
825,14,14,0,2749.4748,10082.3742,111,22,0.319324,7,2,7,6,certificate
826,13,13,0,3459.2111,13491.0557,117,23,0.351187,7,2,7,6,certificate
827,11,11,0,4063.3882,16476.9410,119,19,0.276494,7,2,7,6,certificate
828,12,12,0,3314.0151,12550.0754,124,21,0.404924,7,2,7,6,certificate
829,10,10,0,3440.4352,13422.1761,118,18,0.346965,7,2,7,6,certificate
830,10,10,0,2983.9276,11044.6381,121,18,0.319413,7,2,7,6,certificate
831,15,15,0,3462.1933,13885.9664,102,21,0.378304,7,2,7,5,certificate
832,13,13,0,3324.2872,12776.4359,118,23,0.335138,7,2,7,6,certificate
833,11,11,0,3358.6366,12833.1828,123,20,0.329070,7,2,7,6,certificate
834,11,11,0,3318.8933,12579.4666,125,20,0.370896,7,2,7,6,certificate
835,13,13,0,3831.3163,15236.5814,120,24,0.371579,7,2,7,6,certificate
836,14,14,0,3596.4175,14057.0873,120,23,0.326652,7,2,7,6,certificate
837,15,15,0,3490.1095,13370.5476,124,26,0.322834,7,3,7,6,certificate
838,11,11,0,2858.1617,10750.8083,109,18,0.400947,7,2,7,6,certificate
839,13,13,0,3156.6262,11808.1308,122,21,0.331250,7,2,7,6,certificate
840,12,12,0,3144.6283,11868.1415,119,20,0.303843,7,2,7,6,certificate
841,16,16,0,3978.0899,15605.4494,130,25,0.302024,7,2,7,6,certificate
842,13,13,0,3618.4924,13952.4622,128,23,0.384215,7,2,7,6,certificate
843,14,14,0,2860.4792,10657.3962,110,24,0.348163,7,2,7,6,certificate
844,13,13,0,3692.5360,14467.6801,123,21,0.285248,7,2,7,6,certificate
845,12,12,0,2814.7818,10063.9092,124,22,0.302187,7,2,7,6,certificate
846,16,16,0,3496.9934,13724.9669,113,23,0.264273,7,2,6,5,certificate
847,11,11,0,3153.7331,11783.6653,124,19,0.349074,7,2,7,6,certificate
848,10,10,0,2812.0149,10380.0746,115,17,0.337356,7,2,7,6,certificate
849,10,10,0,3164.5278,12117.6389,116,18,0.385620,7,2,7,6,certificate
850,10,10,0,3510.3421,13541.7106,126,17,0.254036,7,3,7,6,certificate
851,14,14,0,3197.7094,12073.5471,119,22,0.278469,7,3,7,6,certificate
852,12,12,0,3483.9443,13619.7214,117,21,0.410700,7,2,7,6,certificate
853,13,13,0,3842.7803,15238.9017,122,21,0.321768,7,2,7,6,certificate
854,10,10,0,3744.2441,14606.2203,129,19,0.296371,7,2,7,6,certificate
855,12,12,0,3130.1911,11640.9556,125,23,0.488004,7,2,7,6,certificate
856,11,11,0,3181.6732,12223.3658,114,18,0.300569,7,2,7,6,certificate
857,13,13,0,3400.1495,13115.7475,119,23,0.385862,7,2,7,6,certificate
858,11,11,0,3017.2483,11231.2413,120,22,0.547342,7,2,7,6,certificate
859,15,15,0,3594.1187,13700.5933,130,27,0.421490,7,2,7,6,certificate
860,16,16,0,3338.6914,13038.4572,109,26,0.357903,7,2,6,5,certificate
861,13,13,0,3407.9629,13109.8144,120,24,0.336679,7,2,7,6,certificate
862,14,14,0,3268.6461,12448.2303,118,23,0.305325,7,2,7,6,certificate
863,14,14,0,3738.5472,14897.7358,115,25,0.384186,7,2,7,6,certificate
864,11,11,0,3144.9870,11719.9352,125,19,0.285497,7,3,7,6,certificate
865,15,15,0,3675.2702,14591.3512,114,27,0.374839,7,2,7,6,certificate
866,15,15,0,3650.0728,14385.3638,117,25,0.372266,7,2,7,6,certificate
867,12,12,0,3335.6430,12918.2150,116,21,0.474337,7,2,7,6,certificate
868,13,13,0,3432.4830,13062.4152,126,21,0.335736,7,2,7,6,certificate
869,11,11,0,3036.5347,11192.6734,124,19,0.326668,7,2,7,6,certificate
870,16,16,0,3538.2657,13666.3286,121,24,0.442577,7,2,6,5,certificate
871,13,13,0,3823.1022,15270.5108,118,25,0.349631,7,2,7,6,certificate
872,15,15,0,3836.8592,15154.2959,122,25,0.345290,7,2,7,6,certificate
873,10,10,0,2863.0201,10395.1007,123,18,0.287328,7,3,7,6,certificate
874,11,11,0,3341.9407,12789.7035,122,18,0.309939,7,3,7,6,certificate
875,15,15,0,3340.6525,13053.2627,110,26,0.369842,7,2,7,6,certificate
876,15,15,0,3724.0623,14895.3116,112,25,0.478613,7,2,7,6,certificate
877,16,16,0,3497.4184,13447.0921,122,25,0.278821,7,2,6,5,certificate
878,14,14,0,3125.3923,11811.9616,116,23,0.318338,7,2,7,6,certificate
879,16,16,0,3449.1992,13465.9961,113,23,0.283852,7,2,7,6,certificate
880,12,12,0,3867.3687,15476.8434,120,21,0.334352,7,2,7,6,certificate
881,12,12,0,2935.1094,10865.5469,118,19,0.277065,7,2,7,6,certificate
882,13,13,0,3372.3689,12966.8443,119,22,0.312341,7,2,7,6,certificate
883,10,10,0,3145.6696,11733.3478,125,17,0.288291,7,2,7,6,certificate
884,16,16,0,3651.3987,14086.9933,126,25,0.295361,7,2,7,6,certificate
885,12,12,0,3459.1460,13345.7302,122,20,0.314351,7,2,7,6,certificate
886,12,12,0,4088.3606,16586.8031,119,21,0.391222,7,2,7,6,certificate
887,15,15,0,3304.2518,12766.2592,113,24,0.304587,7,2,7,6,certificate
888,14,14,0,3734.6256,14983.1282,112,22,0.340056,7,2,7,6,certificate
889,13,13,0,3422.2583,13016.2915,126,22,0.319011,7,2,7,6,certificate
890,10,10,0,3693.8508,14379.2539,129,21,0.323642,7,2,7,6,certificate
891,16,16,0,4042.4807,16432.4033,113,25,0.286440,7,2,6,5,certificate
892,15,15,0,3859.1996,15515.9980,114,22,0.317900,7,2,7,6,certificate
893,11,11,0,3472.9414,13439.7069,122,19,0.285633,7,2,7,6,certificate
894,10,10,0,3057.5024,11627.5118,114,18,0.314226,7,2,7,6,certificate
895,15,15,0,3445.2656,13176.3280,123,23,0.349805,7,2,7,6,certificate
896,11,11,0,3240.9038,12489.5189,115,18,0.294997,7,2,7,6,certificate
897,12,12,0,3027.8318,11369.1592,116,20,0.355702,7,2,7,6,certificate
898,14,14,0,3615.4437,14047.2187,123,24,0.324260,7,2,7,6,certificate
899,15,15,0,3408.7555,13203.7775,116,24,0.323981,7,2,7,6,certificate
900,14,14,0,3261.3622,12061.8111,130,24,0.342314,7,2,7,6,certificate
901,15,15,0,4329.8216,17324.1079,132,29,0.422310,7,2,7,6,certificate
902,16,16,0,3719.9457,14574.7285,121,25,0.380848,7,2,7,6,certificate
903,12,12,0,3379.7751,13098.8755,117,20,0.304643,7,2,7,6,certificate
904,15,15,0,3756.2443,14941.2213,116,26,0.478393,7,2,7,6,certificate
905,12,12,0,3838.4009,15247.0043,122,21,0.314673,7,2,7,6,certificate
906,15,15,0,3397.9291,13394.6457,108,26,0.353950,7,2,7,6,certificate
907,13,13,0,3248.4454,12417.2268,117,22,0.381033,7,2,7,6,certificate
908,14,14,0,3266.6782,12243.3911,125,22,0.422816,7,2,7,6,certificate
909,10,10,0,3171.2226,12056.1130,119,18,0.315293,7,2,7,6,certificate
910,14,14,0,3360.5978,12992.9890,116,23,0.299528,7,2,7,6,certificate
911,16,16,0,3975.9700,16054.8501,115,27,0.233424,7,2,6,5,certificate
912,11,11,0,3669.7365,14008.6824,136,22,0.328590,7,4,7,6,certificate
913,16,16,0,3795.6780,15053.3898,118,23,0.298863,7,2,6,5,certificate
914,10,10,0,2549.1454,8990.7269,117,21,0.346182,7,2,7,6,certificate
915,10,10,0,2661.1189,9495.5944,119,18,0.357591,7,2,7,6,certificate
916,16,16,0,4125.1420,16580.7098,122,30,0.383272,7,2,6,5,certificate
917,16,16,0,3704.6156,14223.0779,130,26,0.379135,7,2,7,6,certificate
918,16,16,0,4295.6073,17358.0366,124,24,0.280781,7,2,6,5,certificate
919,15,15,0,3926.4002,16097.0012,106,24,0.320696,7,3,7,6,certificate
920,10,10,0,3350.9761,12739.8806,126,21,0.386442,7,2,7,6,certificate
921,16,16,0,3720.1546,14410.7731,128,26,0.287486,7,2,6,5,certificate
922,16,16,0,3669.1711,15015.8556,98,22,0.229074,7,2,4,3,certificate
923,12,12,0,3613.1168,14115.5840,122,23,0.346594,7,2,7,6,certificate
924,15,15,0,3042.2632,11491.3158,112,25,0.446161,7,2,7,6,certificate
925,13,13,0,3843.8746,15059.3732,129,23,0.363410,7,2,7,6,certificate
926,15,15,0,4129.2065,16981.0326,110,25,0.369327,7,2,7,6,certificate
927,12,12,0,2751.6839,10123.4196,111,18,0.280050,7,2,7,6,certificate
928,12,12,0,3575.4201,13902.1006,124,21,0.313237,7,2,7,6,certificate
929,11,11,0,3444.2057,13416.0287,118,20,0.333633,7,2,7,6,certificate
930,16,16,0,4046.3951,16236.9754,120,26,0.275179,7,2,6,5,certificate
931,12,12,0,3531.1461,13835.7303,119,20,0.319247,7,2,7,6,certificate
932,11,11,0,2796.8550,9939.2750,126,21,0.350183,7,2,7,6,certificate
933,11,11,0,3475.7302,13273.6508,128,21,0.339522,7,2,7,6,certificate
934,14,14,0,3244.6100,12243.0501,122,26,0.323974,7,2,7,6,certificate
935,16,16,0,3218.4400,12137.2002,119,23,0.526245,7,2,7,6,certificate
936,13,13,0,4108.4678,16302.3390,131,27,0.458438,7,2,7,6,certificate
937,12,12,0,3222.8962,12234.4812,120,20,0.321117,7,2,7,6,certificate
938,11,11,0,2938.8241,10724.1205,123,18,0.302803,7,2,7,6,certificate
939,10,10,0,3201.2369,11936.1843,128,18,0.326722,7,3,7,6,certificate
940,12,12,0,2644.7991,9618.9956,111,20,0.305091,7,2,7,6,certificate
941,16,16,0,3874.6118,15688.0588,110,25,0.874289,7,2,6,5,certificate
942,11,11,0,3527.1885,13785.9423,120,18,0.288973,7,2,7,6,certificate
943,13,13,0,3580.4645,13867.3224,124,21,0.314195,7,3,7,6,certificate
944,11,11,0,3101.4061,11797.0306,115,19,0.292618,7,2,7,6,certificate
945,14,14,0,3397.9221,13194.6107,116,26,0.579298,7,2,7,6,certificate
946,11,11,0,3089.2110,11406.0551,126,19,0.300835,7,3,7,6,certificate
947,15,15,0,3392.5887,13282.9434,111,22,0.592099,7,2,7,6,certificate
948,14,14,0,3712.4047,14597.0237,121,24,0.433697,7,2,7,6,certificate
949,15,15,0,3095.8665,12089.3323,101,23,0.379267,7,2,7,6,certificate
950,15,15,0,3923.5337,15692.6683,120,30,0.508481,7,2,7,6,certificate
951,15,15,0,3458.1957,13510.9785,115,23,0.303020,7,2,7,6,certificate
952,13,13,0,3336.1207,12520.6036,129,25,0.327376,7,2,7,6,certificate
953,11,11,0,3747.7005,14753.5024,124,20,0.361137,7,2,7,6,certificate
954,15,15,0,3436.4298,13282.1492,118,22,0.305520,7,2,7,6,certificate
955,14,14,0,3636.1408,14095.7042,125,24,0.366632,7,2,7,6,certificate
956,12,12,0,3075.0952,11460.4762,121,20,0.398411,7,2,7,6,certificate
957,14,14,0,3518.5785,13862.8925,113,21,0.302716,7,3,7,6,certificate
958,10,10,0,3503.2740,13731.3700,118,18,0.359148,7,2,7,6,certificate
959,15,15,0,3924.2288,15631.1441,121,24,0.417826,7,2,7,6,certificate
960,11,11,0,3348.8352,12824.1761,121,18,0.318594,7,2,7,6,certificate
961,11,11,0,3472.5377,13242.6885,128,19,0.313560,7,2,7,6,certificate
962,15,15,0,3401.0288,13010.1438,122,24,0.409604,7,2,7,6,certificate
963,13,13,0,3610.7543,14208.7717,118,23,0.300949,7,2,7,6,certificate
964,15,15,0,3927.9696,15294.8479,133,31,0.566274,7,2,7,6,certificate
965,14,14,0,3471.1435,13305.7176,124,23,0.331283,7,2,7,6,certificate
966,16,16,0,3579.9081,13934.5406,119,27,0.366949,7,2,6,5,certificate
967,13,13,0,3816.2276,15221.1381,118,21,0.392334,7,2,7,6,certificate
968,16,16,0,3436.4985,13357.4926,115,26,0.358400,7,2,7,6,certificate
969,15,15,0,3568.8190,13859.0949,121,24,0.416788,7,2,7,6,certificate
970,13,13,0,2756.3180,9656.5898,127,21,0.315853,7,2,7,6,certificate
971,14,14,0,3659.6815,14573.4074,113,23,0.297238,7,2,7,6,certificate
972,15,15,0,3003.5482,11382.7409,109,22,0.269662,7,2,7,6,certificate
973,12,12,0,2854.0542,10705.2711,109,18,0.297635,7,2,7,6,certificate
974,12,12,0,3060.6709,11568.3545,115,22,0.316949,7,2,7,6,certificate
975,14,14,0,3714.4137,14882.0684,112,24,0.359151,7,2,7,6,certificate
976,14,14,0,2892.3653,10701.8266,114,24,0.473789,7,2,7,6,certificate
977,11,11,0,2977.4606,10847.3030,126,19,0.324763,7,2,7,6,certificate
978,15,15,0,4047.3970,15981.9851,130,26,0.301452,7,2,7,6,certificate
979,11,11,0,3634.9850,14104.9249,127,18,0.216595,7,3,7,6,certificate
980,13,13,0,3266.3701,12421.8507,120,22,0.317262,7,2,7,6,certificate
981,16,16,0,3638.5657,14207.8283,120,22,0.286779,7,3,6,5,certificate
982,14,14,0,3321.5366,12867.6828,114,24,0.305359,7,2,7,6,certificate
983,13,13,0,3567.1631,13980.8156,118,23,0.299944,7,2,7,6,certificate
984,12,12,0,2919.4940,10942.4702,112,21,0.294333,7,2,7,6,certificate
985,14,14,0,3157.2424,12061.2118,113,24,0.327148,7,2,7,6,certificate
986,13,13,0,3737.3859,14681.9293,123,22,0.226479,7,3,7,6,certificate
987,16,16,0,3949.1282,15300.6409,135,25,0.311273,7,2,7,6,certificate
988,11,11,0,2954.2180,11116.0900,113,19,0.306345,7,2,7,6,certificate
989,12,12,0,3474.2043,13451.0217,121,20,0.327859,7,2,7,6,certificate
990,13,13,0,3352.0849,12790.4243,122,20,0.346430,7,2,7,6,certificate
991,12,12,0,3465.1002,13490.5010,119,20,0.305625,7,2,7,6,certificate
992,15,15,0,3455.8259,13399.1295,117,23,0.258169,7,2,7,6,certificate
993,15,15,0,2973.1826,11165.9130,111,23,0.288390,7,2,7,6,certificate
994,12,12,0,3201.1973,12220.9865,117,21,0.355141,7,2,7,6,certificate
995,16,16,0,3386.2013,13126.0065,114,23,0.223165,7,2,6,5,certificate
996,14,14,0,3622.8458,13894.2288,129,22,0.262212,7,2,7,6,certificate
997,14,14,0,3449.1412,13850.7062,102,23,0.205354,7,2,7,6,certificate
998,13,13,0,3497.1494,13580.7471,120,20,0.144296,7,2,7,6,certificate
999,12,12,0,2980.1069,10780.5343,128,22,0.141029,7,2,7,6,certificate
