trial,n_sources,cleared,remaining,time_s,walk_m,measures,replans,steps,cover_visits,stop_reason,wall_s
0,11,11,0,3719.338,14551.688,126,25,25,7,certificate,0.886
1,10,10,0,4620.177,19220.886,122,24,24,7,certificate,0.969
2,15,15,0,4509.093,18640.463,119,29,29,7,certificate,1.074
3,12,12,0,3953.724,15478.619,134,30,30,7,certificate,1.626
4,14,14,0,6059.663,22973.313,256,31,32,7,certificate,1.602
5,12,12,0,3982.644,15998.220,121,28,28,7,certificate,1.588
6,11,11,0,5626.352,18706.760,340,28,29,7,certificate,1.822
7,12,12,0,4060.712,16148.559,129,24,24,7,certificate,0.927
8,13,13,0,4619.843,19254.216,118,30,30,7,certificate,1.016
9,13,13,0,5024.012,17065.062,287,30,31,7,certificate,1.805
10,11,11,0,4182.467,16832.336,127,29,30,7,certificate,1.345
11,11,11,0,3829.710,15533.548,112,25,25,7,certificate,1.416
12,12,12,0,4004.675,16283.374,115,23,23,7,certificate,1.130
13,14,14,0,3457.658,13848.290,104,26,26,7,certificate,1.064
14,10,10,0,3799.474,14987.370,126,23,23,7,certificate,0.981
15,10,10,0,4349.954,17829.768,124,26,26,7,certificate,1.136
16,13,13,0,3861.230,15161.152,128,29,29,7,certificate,1.079
17,10,10,0,3509.613,13833.067,116,29,29,7,certificate,1.578
18,11,11,0,4067.667,16508.334,119,25,25,7,certificate,1.231
19,15,15,0,6483.678,22988.391,338,27,28,7,certificate,1.860
20,11,11,0,4141.789,16958.947,116,24,24,7,certificate,1.122
21,13,13,0,5338.417,18827.083,281,29,30,7,certificate,1.107
22,11,11,0,4375.500,13962.502,282,26,27,7,certificate,1.414
23,13,13,0,3920.409,15742.047,118,29,29,7,certificate,1.354
24,15,15,0,5848.294,21146.470,285,29,30,7,certificate,1.606
25,16,16,0,4265.947,17849.737,103,33,33,7,certificate,1.028
26,10,10,0,5167.180,16545.898,335,24,25,7,certificate,1.923
27,11,11,0,3852.601,15113.003,130,27,27,7,certificate,1.549
28,12,12,0,4445.300,18346.500,121,28,28,7,certificate,0.956
29,12,12,0,4188.526,16997.630,122,26,26,7,certificate,1.002
30,16,16,0,4434.485,18587.427,106,30,30,7,certificate,0.873
31,10,10,0,3713.608,14618.042,124,26,26,7,certificate,1.433
32,16,16,0,4069.410,16527.050,115,32,32,7,certificate,1.185
33,11,11,0,3767.095,14945.473,121,26,26,7,certificate,1.377
34,16,16,0,3758.257,15431.286,99,27,27,7,certificate,1.019
35,15,15,0,4041.380,16886.898,99,29,29,7,certificate,0.804
36,10,10,0,4799.723,16053.615,283,23,24,7,certificate,1.370
37,10,10,0,3764.473,15002.367,120,22,22,7,certificate,1.281
38,15,15,0,4185.747,17008.736,119,28,28,7,certificate,1.333
39,14,14,0,4343.065,17845.324,118,32,32,7,certificate,1.152
40,16,16,0,4184.760,16598.799,131,32,32,7,certificate,1.526
41,12,12,0,4144.576,16962.881,116,27,27,7,certificate,1.260
42,11,11,0,5690.438,18472.188,361,28,29,7,certificate,1.438
43,15,15,0,4664.320,19076.601,135,30,31,7,certificate,1.147
44,13,13,0,4204.604,16953.018,125,30,30,7,certificate,1.395
45,11,11,0,4303.515,17847.575,114,24,24,7,certificate,1.299
46,14,14,0,5726.051,19760.253,315,33,34,7,certificate,1.837
47,12,12,0,4500.106,18590.532,121,28,28,7,certificate,1.249
48,15,15,0,3942.639,16268.197,103,29,29,7,certificate,1.127
49,11,11,0,5321.677,18563.385,286,26,27,7,certificate,1.782
50,11,11,0,4121.427,16497.133,128,26,26,7,certificate,1.358
51,12,12,0,4852.685,20253.424,124,27,27,7,certificate,1.480
52,16,16,0,4810.642,20613.211,102,33,33,7,certificate,1.156
53,15,15,0,4355.304,18286.522,105,33,33,7,certificate,1.634
54,10,10,0,4494.206,17941.031,144,24,24,7,certificate,1.281
55,15,15,0,4131.773,16923.863,112,27,27,7,certificate,1.266
56,14,14,0,4876.572,20297.859,125,28,28,7,certificate,1.299
57,15,15,0,4543.605,18163.025,146,32,33,7,certificate,1.184
58,16,16,0,4878.025,20120.126,130,36,36,7,certificate,1.515
59,11,11,0,3815.586,15197.929,121,27,27,7,certificate,1.234
60,13,13,0,4377.034,18315.168,109,31,31,7,certificate,1.430
61,16,16,0,4557.615,18913.077,117,35,35,7,certificate,1.143
62,16,16,0,5059.877,20649.383,148,33,34,7,certificate,1.559
63,16,16,0,4654.283,18936.413,136,28,29,7,certificate,1.196
64,12,12,0,4183.216,17211.082,114,25,25,7,certificate,1.232
65,15,15,0,4254.545,17452.725,116,31,31,7,certificate,1.226
66,12,12,0,4447.315,18136.577,128,28,28,7,certificate,1.383
67,11,11,0,4337.285,17696.425,124,26,26,7,certificate,1.403
68,16,16,0,3889.953,15639.765,114,29,29,7,certificate,1.165
69,13,13,0,3966.180,16090.901,114,28,28,7,certificate,1.244
70,13,13,0,4156.646,16818.230,122,28,28,7,certificate,1.386
71,13,13,0,4150.458,17387.290,102,25,25,7,certificate,0.963
72,10,10,0,4465.487,17932.435,139,27,27,7,certificate,1.611
73,11,11,0,4006.667,16238.335,118,24,24,7,certificate,1.455
74,13,13,0,6942.294,23261.468,421,32,34,7,certificate,2.109
75,15,15,0,4337.753,17443.763,129,31,31,7,certificate,1.487
76,15,15,0,4866.210,19741.049,147,35,36,7,certificate,1.355
77,12,12,0,5120.418,20907.090,151,32,33,7,certificate,1.413
78,14,14,0,6110.137,21755.686,316,30,31,7,certificate,1.805
79,12,12,0,4705.089,19925.444,111,29,29,7,certificate,1.469
80,13,13,0,5478.489,19282.444,288,28,29,7,certificate,1.800
81,13,13,0,3479.469,13367.347,124,25,25,7,certificate,1.464
82,16,16,0,3393.791,13033.954,118,31,31,7,certificate,1.051
83,11,11,0,3994.968,15979.839,124,23,23,7,certificate,1.288
84,16,16,0,4269.509,17742.546,108,29,29,7,certificate,1.219
85,10,10,0,4417.230,18106.150,125,25,25,7,certificate,1.354
86,16,16,0,4525.872,19219.359,101,30,30,7,certificate,1.143
87,13,13,0,4484.786,18043.932,141,30,31,7,certificate,1.328
88,10,10,0,4344.027,17685.136,127,24,24,7,certificate,1.463
89,13,13,0,4062.055,16750.276,108,28,28,7,certificate,1.528
90,10,10,0,5534.139,17875.695,354,25,26,7,certificate,1.744
91,16,16,0,3751.595,15122.974,109,27,27,7,certificate,1.048
92,15,15,0,5530.102,19470.510,289,35,36,7,certificate,1.802
93,12,12,0,4036.248,15956.241,131,27,27,7,certificate,1.272
94,14,14,0,4398.124,17840.622,127,28,28,7,certificate,1.337
95,15,15,0,4321.582,17417.908,130,29,30,7,certificate,1.187
96,12,12,0,5615.181,17225.906,401,27,29,7,certificate,2.037
97,13,13,0,5840.943,20374.714,313,27,28,7,certificate,1.796
98,15,15,0,4781.470,20412.348,105,33,33,7,certificate,1.164
99,13,13,0,4275.850,17614.250,115,28,28,7,certificate,1.071
100,13,13,0,4489.130,18485.650,122,29,29,7,certificate,1.445
101,13,13,0,4142.400,17282.001,104,25,25,7,certificate,1.254
102,12,12,0,4637.625,19123.124,127,29,30,7,certificate,1.492
103,15,15,0,4524.631,18623.154,122,40,40,7,certificate,1.478
104,12,12,0,4116.306,16696.531,120,30,30,7,certificate,1.333
105,16,16,0,4838.970,20104.849,124,36,36,7,certificate,1.176
106,16,16,0,4783.124,19730.621,132,35,36,7,certificate,1.452
107,15,15,0,4590.203,18966.016,122,35,35,7,certificate,1.355
108,11,11,0,3701.897,14789.484,116,27,27,7,certificate,1.378
109,12,12,0,3898.163,15430.814,126,26,26,7,certificate,1.257
110,12,12,0,4226.871,16889.353,132,27,27,7,certificate,1.377
111,12,12,0,6058.086,20995.430,336,31,32,7,certificate,1.905
112,16,16,0,4949.189,20810.943,119,30,30,7,certificate,1.109
113,15,15,0,4250.803,17229.016,122,29,29,7,certificate,1.214
114,13,13,0,4721.027,19885.133,114,30,30,7,certificate,1.398
115,11,11,0,4755.759,19523.794,133,29,29,7,certificate,1.502
116,12,12,0,4130.698,16773.489,121,32,32,7,certificate,1.602
117,14,14,0,4453.016,18595.082,112,27,27,7,certificate,1.371
118,16,16,0,5899.913,21754.564,274,32,33,7,certificate,1.407
119,12,12,0,4053.008,16345.041,121,25,25,7,certificate,1.248
120,10,10,0,3766.661,15013.303,119,26,26,7,certificate,1.485
121,12,12,0,3952.949,15609.747,129,28,28,7,certificate,1.271
122,12,12,0,4093.602,16618.012,119,26,26,7,certificate,1.255
123,11,11,0,3798.089,15495.444,108,24,24,7,certificate,1.369
124,10,10,0,3636.331,14221.657,125,25,25,7,certificate,1.231
125,10,10,0,4159.596,17142.981,114,23,23,7,certificate,1.150
126,10,10,0,5217.499,16667.495,345,24,25,7,certificate,2.022
127,15,15,0,4383.668,17703.340,130,31,31,7,certificate,1.214
128,11,11,0,5763.879,18844.395,364,28,29,7,certificate,2.290
129,16,16,0,3976.875,16559.375,99,31,31,7,certificate,1.329
130,16,16,0,6171.508,21277.540,342,36,37,7,certificate,1.893
131,10,10,0,4011.262,16321.308,117,26,26,7,certificate,1.276
132,16,16,0,3796.697,15513.484,104,32,32,7,certificate,1.269
133,11,11,0,3700.079,14820.397,114,28,28,7,certificate,1.350
134,13,13,0,5406.832,18779.158,294,29,30,7,certificate,1.914
135,13,13,0,4368.509,17892.546,121,31,31,7,certificate,1.452
136,10,10,0,5359.705,18123.527,312,28,29,7,certificate,1.887
137,13,13,0,3911.758,15248.791,134,25,25,7,certificate,1.048
138,15,15,0,4221.391,16956.957,126,28,28,7,certificate,1.033
139,12,12,0,3959.839,16029.194,116,24,24,7,certificate,1.182
140,16,16,0,4508.888,18704.439,115,33,33,7,certificate,1.286
141,15,15,0,4368.210,17916.050,119,30,30,7,certificate,1.432
142,13,13,0,4086.217,16356.084,125,29,29,7,certificate,1.359
143,16,16,0,4244.842,17464.211,112,34,34,7,certificate,1.326
144,16,16,0,4592.768,19298.839,110,35,35,7,certificate,1.235
145,14,14,0,3849.291,15766.453,105,29,29,7,certificate,1.109
146,15,15,0,4306.296,17761.481,114,32,32,7,certificate,1.183
147,16,16,0,4537.478,18607.389,124,31,31,7,certificate,1.159
148,15,15,0,4773.342,20046.709,115,28,28,7,certificate,1.123
149,14,14,0,5011.338,20551.692,143,33,34,7,certificate,1.325
150,11,11,0,3975.722,15673.611,132,26,26,7,certificate,1.365
151,12,12,0,4371.294,18001.472,120,29,29,7,certificate,1.401
152,12,12,0,4205.620,16848.102,130,26,26,7,certificate,1.555
153,16,16,0,4356.893,18044.465,111,31,31,7,certificate,1.322
154,15,15,0,4467.554,18232.772,125,31,31,7,certificate,1.068
155,13,13,0,4047.446,16472.228,115,28,28,7,certificate,1.251
156,10,10,0,4024.144,16290.718,120,25,25,7,certificate,1.413
157,12,12,0,4223.869,17349.343,117,27,27,7,certificate,1.226
158,11,11,0,3554.788,14033.940,116,24,24,7,certificate,1.255
159,14,14,0,4118.715,16993.574,109,31,31,7,certificate,1.324
160,14,14,0,3959.327,16316.635,105,28,28,7,certificate,1.374
161,15,15,0,4299.510,17492.550,122,31,31,7,certificate,1.211
162,14,14,0,4071.357,16686.784,112,28,28,7,certificate,1.298
163,13,13,0,4060.557,16457.785,118,26,26,7,certificate,1.185
164,15,15,0,5157.625,21043.126,151,33,34,7,certificate,1.585
165,11,11,0,3939.077,15805.387,121,23,23,7,certificate,1.250
166,15,15,0,3833.538,15812.688,100,31,31,7,certificate,1.510
167,16,16,0,4582.455,19532.276,100,31,31,7,certificate,1.195
168,11,11,0,3819.996,15234.981,120,26,26,7,certificate,1.248
169,15,15,0,4380.568,18187.841,112,29,29,7,certificate,1.215
170,12,12,0,3922.633,15688.165,121,27,27,7,certificate,1.219
171,10,10,0,5856.992,19819.960,345,28,30,7,certificate,2.107
172,16,16,0,4331.029,18150.147,105,31,31,7,certificate,1.410
173,14,14,0,4286.890,17719.451,113,32,32,7,certificate,1.446
174,13,13,0,3736.929,14609.644,125,26,26,7,certificate,1.490
175,16,16,0,4271.467,17372.337,119,34,34,7,certificate,1.300
176,14,14,0,5278.934,18349.669,286,33,34,7,certificate,1.817
177,11,11,0,3795.842,15029.209,122,27,27,7,certificate,1.263
178,10,10,0,4446.079,17945.394,136,31,31,7,certificate,1.610
179,11,11,0,5491.122,19590.610,281,29,30,7,certificate,1.995
180,16,16,0,6123.643,22898.217,269,31,32,7,certificate,1.779
181,13,13,0,4092.200,16506.000,121,27,27,7,certificate,1.448
182,14,14,0,3760.857,15069.284,113,26,26,7,certificate,1.101
183,10,10,0,4290.144,17090.721,138,25,25,7,certificate,1.413
184,16,16,0,4971.905,21299.523,107,32,32,7,certificate,1.273
185,12,12,0,3748.243,15016.216,115,30,30,7,certificate,1.440
186,16,16,0,4152.976,16969.881,114,35,35,7,certificate,1.384
187,14,14,0,4344.360,17601.799,126,28,28,7,certificate,1.238
188,16,16,0,3918.299,16166.495,102,29,29,7,certificate,1.304
189,13,13,0,5206.193,19160.963,240,29,30,7,certificate,1.648
190,14,14,0,4298.758,17428.791,124,27,27,7,certificate,1.232
191,15,15,0,4459.086,18450.429,116,29,29,7,certificate,1.420
192,11,11,0,3568.631,13933.153,122,26,26,7,certificate,1.415
193,13,13,0,3790.516,15112.582,117,25,25,7,certificate,1.412
194,11,11,0,3373.085,13310.425,109,23,23,7,certificate,1.450
195,10,10,0,3948.399,15696.996,128,26,26,7,certificate,1.466
196,12,12,0,4153.585,17137.927,113,29,29,7,certificate,1.470
197,10,10,0,3873.138,15295.689,128,26,26,7,certificate,1.439
198,13,13,0,4535.373,18546.863,126,28,28,7,certificate,1.340
199,14,14,0,3894.750,15848.751,111,27,27,7,certificate,1.161
200,16,16,0,4729.025,20465.123,94,32,32,7,certificate,1.373
201,13,13,0,4913.806,20269.032,133,28,28,7,certificate,1.401
202,11,11,0,3581.302,14376.508,109,25,25,7,certificate,1.362
203,16,16,0,4763.572,20032.858,114,31,31,7,certificate,1.629
204,14,14,0,3999.019,16065.093,120,28,28,7,certificate,1.355
205,16,16,0,7208.929,23324.643,472,33,35,7,certificate,2.087
206,13,13,0,5202.248,21206.241,155,29,31,7,certificate,1.458
207,12,12,0,4576.576,19047.880,119,26,26,7,certificate,1.419
208,12,12,0,4425.075,18710.377,104,27,27,7,certificate,1.313
209,14,14,0,4122.449,16827.243,115,30,30,7,certificate,1.367
210,10,10,0,3404.329,13096.643,123,26,26,7,certificate,1.511
211,10,10,0,4072.667,16298.337,128,26,26,7,certificate,1.722
212,16,16,0,5205.542,21662.711,133,36,36,7,certificate,1.373
213,14,14,0,4578.699,19103.494,116,33,33,7,certificate,1.274
214,16,16,0,4985.954,20584.772,132,35,35,7,certificate,1.513
215,12,12,0,3723.070,14960.349,113,26,26,7,certificate,1.447
216,16,16,0,4162.094,17040.472,114,32,32,7,certificate,1.251
217,14,14,0,4408.998,17954.989,126,31,31,7,certificate,1.659
218,15,15,0,6279.312,22401.560,321,30,31,7,certificate,1.648
219,10,10,0,4397.283,18091.414,122,25,25,7,certificate,1.403
220,14,14,0,5028.657,21118.283,123,30,30,7,certificate,1.195
221,16,16,0,4059.620,16358.099,118,29,29,7,certificate,1.209
222,14,14,0,4316.178,17855.889,113,28,28,7,certificate,1.298
223,10,10,0,4626.326,19211.629,123,27,27,7,certificate,1.188
224,13,13,0,6174.475,21612.373,334,31,32,7,certificate,2.073
225,11,11,0,3912.318,15751.588,118,25,25,7,certificate,1.326
226,13,13,0,4114.985,16729.927,118,25,25,7,certificate,1.291
227,11,11,0,3824.563,14972.817,130,24,24,7,certificate,1.267
228,11,11,0,4280.168,17190.838,132,28,28,7,certificate,1.526
229,13,13,0,4067.800,16648.999,113,28,28,7,certificate,1.295
230,16,16,0,4201.014,17210.069,114,35,35,7,certificate,1.336
231,16,16,0,4685.453,19257.263,125,32,32,7,certificate,1.269
232,16,16,0,4322.330,17936.648,110,35,35,7,certificate,1.325
233,16,16,0,4863.932,16874.659,264,28,29,7,certificate,1.723
234,14,14,0,3784.431,15167.154,114,32,32,7,certificate,1.540
235,11,11,0,4011.257,15926.287,128,26,26,7,certificate,1.333
236,11,11,0,4413.988,18139.938,122,25,25,7,certificate,1.444
237,12,12,0,4803.059,20190.297,118,27,27,7,certificate,1.508
238,13,13,0,4647.684,19113.421,131,28,29,7,certificate,1.346
239,12,12,0,4439.356,18356.779,119,28,28,7,certificate,1.333
240,15,15,0,4219.759,17463.795,109,32,32,7,certificate,1.278
241,12,12,0,3910.783,16048.915,107,26,26,7,certificate,1.383
242,14,14,0,4369.950,17794.752,124,28,28,7,certificate,1.265
243,13,13,0,3712.157,14685.784,119,29,29,7,certificate,1.224
244,14,14,0,5303.817,19334.083,250,33,34,7,certificate,1.568
245,16,16,0,4160.813,17109.066,110,32,32,7,certificate,1.355
246,16,16,0,4600.978,19309.890,111,34,34,7,certificate,1.332
247,16,16,0,4445.651,18213.253,123,35,35,7,certificate,1.390
248,12,12,0,4886.250,20326.251,127,30,30,7,certificate,1.449
249,13,13,0,3657.097,14650.486,111,25,25,7,certificate,1.097
250,13,13,0,5572.460,18557.302,335,31,32,7,certificate,1.579
251,16,16,0,4912.667,20083.337,140,32,33,7,certificate,1.160
252,10,10,0,5314.484,17807.421,317,28,29,7,certificate,1.884
253,10,10,0,4011.308,15596.541,141,28,28,7,certificate,1.637
254,15,15,0,4244.137,16970.684,129,30,30,7,certificate,1.262
255,12,12,0,5311.866,18374.329,293,28,29,7,certificate,1.495
256,16,16,0,4812.300,20031.499,122,37,37,7,certificate,1.174
257,16,16,0,4116.594,16817.970,113,33,33,7,certificate,1.285
258,13,13,0,5782.504,20092.519,317,28,29,7,certificate,1.949
259,14,14,0,4609.275,19001.374,124,30,30,7,certificate,1.349
260,13,13,0,4711.125,19920.627,111,29,29,7,certificate,1.171
261,14,14,0,6143.105,21940.523,317,33,34,7,certificate,2.009
262,13,13,0,5642.987,18689.937,346,27,28,7,certificate,1.625
263,11,11,0,3790.002,15180.012,117,23,23,7,certificate,1.174
264,10,10,0,3658.119,14425.593,121,22,22,7,certificate,1.139
265,10,10,0,3936.420,15887.098,118,25,25,7,certificate,1.344
266,12,12,0,4508.513,18832.564,115,26,26,7,certificate,1.365
267,15,15,0,5524.801,20759.006,236,31,32,7,certificate,1.409
268,10,10,0,6377.025,21815.124,368,25,26,7,certificate,1.859
269,13,13,0,5356.422,20932.112,201,29,30,7,certificate,1.148
270,16,16,0,4422.237,18326.183,114,30,30,7,certificate,1.109
271,14,14,0,5330.516,22562.581,125,30,30,7,certificate,1.154
272,16,16,0,4723.564,19572.820,122,32,32,7,certificate,1.379
273,10,10,0,3959.674,15903.369,123,27,27,7,certificate,1.464
274,15,15,0,7112.047,23120.235,460,37,39,7,certificate,2.130
275,14,14,0,4080.823,16434.113,122,30,30,7,certificate,1.186
276,12,12,0,4401.513,18022.563,124,29,29,7,certificate,1.158
277,10,10,0,3793.431,15007.153,124,21,21,7,certificate,1.220
278,12,12,0,4783.386,17656.929,216,25,26,7,certificate,1.504
279,16,16,0,5001.205,21256.025,112,30,30,7,certificate,1.225
280,12,12,0,4335.763,17528.814,129,29,29,7,certificate,1.591
281,15,15,0,5261.387,18581.934,270,31,32,7,certificate,1.529
282,14,14,0,6168.051,21250.254,347,32,33,7,certificate,1.768
283,12,12,0,3816.489,15517.444,110,26,26,7,certificate,1.164
284,15,15,0,5737.198,19360.989,337,31,32,7,certificate,1.764
285,10,10,0,3969.590,15957.952,122,26,26,7,certificate,1.420
286,15,15,0,4823.864,20319.319,116,34,34,7,certificate,1.348
287,14,14,0,4787.280,19726.399,129,28,28,7,certificate,1.276
288,16,16,0,3983.669,16523.344,101,27,27,7,certificate,0.790
289,13,13,0,4604.304,17326.518,193,26,27,7,certificate,1.165
290,12,12,0,4025.727,16288.635,119,26,26,7,certificate,1.034
291,15,15,0,4752.563,19562.817,128,31,31,7,certificate,1.314
292,11,11,0,3477.752,13458.759,122,21,21,7,certificate,1.264
293,15,15,0,6575.287,27816.434,159,38,39,7,certificate,1.557
294,16,16,0,4203.170,16640.850,138,29,30,7,certificate,1.204
295,15,15,0,4451.160,18235.801,122,33,33,7,certificate,1.238
296,13,13,0,4464.500,18302.498,124,29,29,7,certificate,1.237
297,16,16,0,4513.609,18713.044,116,32,32,7,certificate,1.204
298,11,11,0,4301.801,17844.006,114,29,29,7,certificate,1.817
299,16,16,0,5964.193,21360.966,296,38,39,7,certificate,1.657
300,10,10,0,3977.789,15958.945,123,24,24,7,certificate,1.209
301,16,16,0,5392.877,18684.386,294,32,33,7,certificate,1.526
302,16,16,0,4482.257,18741.286,110,36,36,7,certificate,1.329
303,10,10,0,4078.478,16337.390,128,21,21,7,certificate,1.290
304,10,10,0,3834.249,15246.243,123,24,24,7,certificate,1.522
305,13,13,0,3668.320,14331.600,124,30,30,7,certificate,1.056
306,12,12,0,3619.490,14157.449,122,24,24,7,certificate,1.069
307,10,10,0,5335.062,17810.310,321,25,26,7,certificate,1.824
308,11,11,0,4288.799,17458.996,125,26,26,7,certificate,1.330
309,12,12,0,4197.964,17044.820,122,28,28,7,certificate,1.218
310,13,13,0,4162.854,16859.269,122,30,30,7,certificate,1.302
311,11,11,0,4019.859,16264.297,120,28,28,7,certificate,1.400
312,10,10,0,4450.667,17778.333,141,24,24,7,certificate,1.092
313,13,13,0,4490.837,18289.184,129,30,30,7,certificate,1.315
314,15,15,0,5538.294,19426.472,293,28,29,7,certificate,1.834
315,16,16,0,4412.225,18411.126,110,31,31,7,certificate,1.255
316,15,15,0,4246.839,17319.197,119,33,33,7,certificate,1.467
317,14,14,0,3776.718,15088.592,115,27,27,7,certificate,1.417
318,13,13,0,4285.846,17769.232,112,27,27,7,certificate,1.172
319,16,16,0,4188.189,17500.945,102,27,27,7,certificate,0.835
320,16,16,0,4363.239,17941.197,117,30,30,7,certificate,1.230
321,15,15,0,4129.628,16763.142,119,31,31,7,certificate,1.366
322,12,12,0,3543.208,14016.039,114,24,24,7,certificate,1.257
323,12,12,0,4358.962,17719.812,128,29,29,7,certificate,1.654
324,10,10,0,3658.800,14254.000,127,25,25,7,certificate,1.121
325,16,16,0,5989.290,20906.449,322,35,36,7,certificate,1.592
326,11,11,0,3687.078,14855.388,111,27,27,7,certificate,1.426
327,15,15,0,4456.210,18701.050,109,33,34,7,certificate,1.463
328,12,12,0,4278.960,17414.802,124,26,26,7,certificate,1.320
329,16,16,0,5618.759,19553.794,306,35,36,7,certificate,1.966
330,15,15,0,7933.795,25128.977,542,36,38,7,certificate,2.531
331,15,15,0,4693.297,19816.487,110,32,32,7,certificate,1.095
332,16,16,0,4278.768,17433.842,120,31,31,7,certificate,1.355
333,14,14,0,4154.641,16928.204,117,31,31,7,certificate,1.384
334,12,12,0,4731.240,16256.202,261,27,28,7,certificate,1.627
335,14,14,0,4179.584,17072.920,116,32,32,7,certificate,1.329
336,15,15,0,6438.015,24335.075,278,37,38,7,certificate,2.023
337,16,16,0,4673.698,19593.489,113,34,34,7,certificate,1.010
338,11,11,0,4038.731,16178.653,126,24,24,7,certificate,1.037
339,10,10,0,5451.447,20582.235,232,27,28,7,certificate,1.593
340,15,15,0,4290.359,17471.794,121,31,31,7,certificate,1.448
341,15,15,0,4484.883,18764.417,111,32,32,7,certificate,1.372
342,11,11,0,3335.269,13116.345,110,27,27,7,certificate,1.236
343,15,15,0,5177.577,21812.886,123,30,30,7,certificate,1.315
344,11,11,0,5094.746,16623.732,319,27,28,7,certificate,1.874
345,16,16,0,5734.392,20951.960,271,30,31,7,certificate,1.703
346,16,16,0,3704.396,14881.978,109,28,28,7,certificate,1.233
347,12,12,0,3932.819,16224.096,105,22,22,7,certificate,1.195
348,11,11,0,3740.262,14936.312,117,21,21,7,certificate,1.392
349,12,12,0,5506.683,20558.414,240,26,27,7,certificate,1.558
350,11,11,0,3987.263,15681.313,133,27,27,7,certificate,1.364
351,13,13,0,5013.996,20854.982,133,32,33,7,certificate,1.571
352,16,16,0,4342.718,18138.591,106,34,34,7,certificate,1.383
353,15,15,0,4636.316,19401.582,115,33,33,7,certificate,1.093
354,14,14,0,4415.376,18171.879,119,29,29,7,certificate,1.429
355,15,15,0,4882.022,21005.112,103,29,29,7,certificate,1.333
356,15,15,0,4370.610,18243.052,109,29,29,7,certificate,1.079
357,16,16,0,3659.648,14813.238,103,31,32,7,certificate,1.334
358,16,16,0,5808.266,24571.330,138,37,37,7,certificate,1.507
359,12,12,0,3749.034,14370.169,141,27,28,7,certificate,1.516
360,13,13,0,3817.354,15021.769,124,28,28,7,certificate,1.377
361,12,12,0,3900.593,15657.963,119,26,26,7,certificate,1.497
362,14,14,0,3973.453,16297.265,109,27,27,7,certificate,1.082
363,10,10,0,4779.811,17789.056,211,25,26,7,certificate,1.374
364,10,10,0,3947.174,15660.868,128,25,25,7,certificate,1.408
365,14,14,0,4109.688,16968.439,109,31,31,7,certificate,1.518
366,16,16,0,4280.036,18170.182,95,28,28,7,certificate,1.195
367,11,11,0,3743.851,15009.255,115,24,24,7,certificate,1.045
368,16,16,0,4492.535,18787.676,110,31,31,7,certificate,1.608
369,10,10,0,4310.593,17312.965,134,28,28,7,certificate,1.244
370,16,16,0,4443.426,18622.129,107,31,31,7,certificate,1.054
371,16,16,0,4179.686,17418.431,104,32,32,7,certificate,1.368
372,13,13,0,4387.127,17735.634,130,29,29,7,certificate,1.556
373,16,16,0,4913.132,20930.659,109,35,35,7,certificate,1.237
374,16,16,0,4102.712,16748.562,113,27,27,7,certificate,1.133
375,14,14,0,4365.643,17818.216,122,30,30,7,certificate,1.317
376,15,15,0,4420.462,18287.308,116,32,32,7,certificate,1.059
377,14,14,0,5349.225,19191.126,266,31,32,7,certificate,1.405
378,14,14,0,4155.730,16643.650,127,32,32,7,certificate,1.370
379,13,13,0,4224.468,17302.338,117,29,29,7,certificate,1.380
380,10,10,0,3164.158,12340.788,108,25,25,7,certificate,1.363
381,16,16,0,4903.455,20762.277,112,33,33,7,certificate,1.219
382,10,10,0,5559.352,18756.759,324,32,33,7,certificate,1.962
383,12,12,0,5868.641,19323.206,364,29,31,7,certificate,1.507
384,15,15,0,4918.153,20035.766,143,32,33,7,certificate,1.099
385,12,12,0,4264.774,17418.872,121,27,27,7,certificate,1.370
386,12,12,0,3842.400,15482.001,115,26,26,7,certificate,1.437
387,10,10,0,3464.368,13296.840,126,24,24,7,certificate,1.384
388,14,14,0,4638.335,19596.673,109,33,33,7,certificate,1.142
389,15,15,0,4480.703,18543.513,118,30,30,7,certificate,1.044
390,11,11,0,3837.981,15819.906,104,27,27,7,certificate,1.156
391,14,14,0,4824.955,20274.774,117,30,30,7,certificate,1.098
392,12,12,0,4085.008,16255.042,129,26,26,7,certificate,1.232
393,16,16,0,4141.695,17148.476,106,32,32,7,certificate,1.115
394,14,14,0,6291.296,22011.479,339,36,37,7,certificate,1.766
395,14,14,0,4723.937,20189.685,103,28,28,7,certificate,0.982
396,11,11,0,3891.546,15597.728,121,26,26,7,certificate,0.952
397,16,16,0,4360.105,18065.525,111,29,29,7,certificate,0.901
398,14,14,0,5051.950,20939.752,136,30,31,7,certificate,1.214
399,11,11,0,3920.493,16082.466,109,26,26,7,certificate,1.251
400,16,16,0,4717.821,19844.107,112,35,35,7,certificate,1.082
401,14,14,0,3962.348,15956.738,118,32,32,7,certificate,1.135
402,10,10,0,3703.651,14728.255,119,25,25,7,certificate,1.001
403,11,11,0,4165.416,16892.078,123,27,27,7,certificate,0.938
404,10,10,0,4038.330,16291.651,123,23,23,7,certificate,1.013
405,14,14,0,6741.090,20435.451,491,32,34,7,certificate,2.008
406,16,16,0,4756.548,19777.739,120,34,34,7,certificate,1.201
407,10,10,0,3635.751,14048.755,130,24,24,7,certificate,1.209
408,13,13,0,4429.320,18426.601,114,25,25,7,certificate,1.053
409,14,14,0,5815.124,20630.621,301,29,30,7,certificate,1.258
410,11,11,0,4583.679,18758.394,131,23,23,7,certificate,0.993
411,15,15,0,5614.649,20583.243,263,33,34,7,certificate,1.732
412,15,15,0,5201.810,19034.051,240,33,34,7,certificate,1.493
413,13,13,0,5741.230,20646.152,288,28,29,7,certificate,1.356
414,11,11,0,3893.713,15703.565,117,24,24,7,certificate,0.966
415,16,16,0,4097.731,17078.654,102,32,32,7,certificate,0.948
416,14,14,0,3932.837,15769.183,118,29,29,7,certificate,0.976
417,14,14,0,6101.271,21201.355,338,27,28,7,certificate,1.233
418,10,10,0,4099.636,16788.179,116,26,26,7,certificate,1.223
419,15,15,0,4674.191,19820.957,107,32,32,7,certificate,1.182
420,10,10,0,3401.362,13421.808,112,22,22,7,certificate,0.968
421,11,11,0,4037.913,16574.567,112,23,23,7,certificate,0.947
422,13,13,0,5923.346,21301.728,298,28,29,7,certificate,1.255
423,14,14,0,4520.543,18832.714,115,30,30,7,certificate,0.966
424,15,15,0,5904.639,20543.193,320,31,32,7,certificate,1.570
425,13,13,0,5842.124,20945.618,297,29,30,7,certificate,1.819
426,10,10,0,3465.133,13570.667,117,22,22,7,certificate,1.313
427,13,13,0,3879.460,15367.298,124,28,28,7,certificate,0.939
428,15,15,0,5102.215,19006.074,221,32,33,7,certificate,1.070
429,11,11,0,4368.892,17629.458,132,26,26,7,certificate,1.286
430,16,16,0,4155.921,16994.606,114,34,34,7,certificate,0.952
431,16,16,0,4296.923,18109.615,100,30,30,7,certificate,1.057
432,10,10,0,3809.248,14876.241,131,25,25,7,certificate,1.264
433,14,14,0,4265.606,17798.030,107,30,30,7,certificate,1.248
434,15,15,0,4420.355,18381.777,112,32,32,7,certificate,1.042
435,14,14,0,4975.277,20776.383,125,32,32,7,certificate,1.255
436,11,11,0,4689.223,17581.115,200,26,27,7,certificate,1.317
437,14,14,0,5408.238,20231.191,235,28,29,7,certificate,1.524
438,14,14,0,4554.392,18661.962,127,27,27,7,certificate,1.245
439,16,16,0,3958.913,16369.563,101,31,31,7,certificate,1.036
440,15,15,0,5891.183,21350.915,289,36,37,7,certificate,1.388
441,13,13,0,4131.253,16891.264,115,30,30,7,certificate,1.164
442,13,13,0,3961.410,16452.051,102,29,29,7,certificate,1.213
443,16,16,0,4195.413,17742.066,95,30,30,7,certificate,1.146
444,16,16,0,6963.962,24719.808,365,33,34,7,certificate,1.644
445,12,12,0,4074.452,16857.258,107,26,26,7,certificate,0.810
446,11,11,0,4401.208,17781.042,133,27,27,7,certificate,1.059
447,10,10,0,3769.810,14889.049,124,27,27,7,certificate,1.280
448,11,11,0,4156.170,16135.852,151,24,25,7,certificate,1.438
449,10,10,0,3815.062,14905.309,132,23,23,7,certificate,1.143
450,10,10,0,4771.867,19664.336,132,26,26,7,certificate,1.274
451,12,12,0,4519.989,18569.947,126,28,28,7,certificate,0.983
452,10,10,0,5570.508,19387.541,304,26,27,7,certificate,1.485
453,10,10,0,4962.618,17088.091,277,24,25,7,certificate,1.874
454,10,10,0,3889.734,15243.669,132,24,24,7,certificate,1.419
455,15,15,0,5510.464,19702.321,275,34,35,7,certificate,2.043
456,11,11,0,3619.590,14372.952,116,23,23,7,certificate,0.919
457,13,13,0,4278.327,17671.633,114,29,29,7,certificate,1.189
458,11,11,0,4624.435,19267.173,120,28,28,7,certificate,1.073
459,16,16,0,3825.919,15474.596,109,31,31,7,certificate,0.909
460,15,15,0,4640.006,19405.031,115,29,29,7,certificate,1.244
461,14,14,0,6776.422,20497.108,498,31,33,7,certificate,2.513
462,11,11,0,6048.633,20848.167,340,30,31,7,certificate,1.980
463,13,13,0,4904.042,19735.210,154,30,31,7,certificate,1.246
464,13,13,0,4005.825,16224.124,116,28,28,7,certificate,0.937
465,16,16,0,4262.919,17814.596,103,31,31,7,certificate,0.999
466,15,15,0,4198.560,16592.800,135,31,31,7,certificate,1.174
467,15,15,0,3697.075,14945.373,105,26,26,7,certificate,1.554
468,16,16,0,4019.507,16687.536,102,32,32,7,certificate,1.140
469,14,14,0,5685.596,19502.982,318,34,35,7,certificate,1.620
470,12,12,0,4448.235,18361.177,120,26,26,7,certificate,1.070
471,16,16,0,4863.495,20377.475,119,33,33,7,certificate,1.146
472,12,12,0,4236.082,17175.411,124,30,30,7,certificate,1.775
473,10,10,0,5424.970,17364.851,355,26,27,7,certificate,1.742
474,11,11,0,3924.887,15464.435,130,26,26,7,certificate,1.233
475,14,14,0,4320.958,17624.788,121,33,33,7,certificate,1.362
476,11,11,0,3527.319,14016.596,112,24,24,7,certificate,1.161
477,11,11,0,5198.512,17377.560,310,28,29,7,certificate,1.210
478,16,16,0,4379.516,18447.582,102,28,28,7,certificate,0.854
479,11,11,0,3778.636,14788.180,127,21,21,7,certificate,1.100
480,12,12,0,4114.729,16748.646,118,29,29,7,certificate,1.866
481,15,15,0,4067.345,16661.724,111,32,32,7,certificate,1.107
482,12,12,0,4212.650,16808.250,132,25,25,7,certificate,1.187
483,15,15,0,6738.886,23814.429,354,34,35,7,certificate,1.660
484,14,14,0,4556.253,18711.264,125,31,31,7,certificate,1.786
485,12,12,0,4142.313,16586.567,127,27,27,7,certificate,1.300
486,14,14,0,4353.087,17605.435,128,31,31,7,certificate,1.184
487,10,10,0,4427.736,17603.682,144,25,25,7,certificate,1.353
488,14,14,0,4605.058,19195.292,118,38,38,7,certificate,1.227
489,15,15,0,4492.006,18520.031,119,32,32,7,certificate,1.144
490,14,14,0,4300.654,17388.268,126,30,30,7,certificate,1.871
491,16,16,0,4458.189,18380.943,118,36,36,7,certificate,1.165
492,16,16,0,4904.523,20517.615,121,35,35,7,certificate,1.218
493,11,11,0,4130.694,16613.468,126,25,25,7,certificate,1.304
494,14,14,0,4988.009,17430.043,262,31,32,7,certificate,1.594
495,10,10,0,3415.467,13092.337,125,21,21,7,certificate,1.158
496,12,12,0,6070.775,20973.876,341,28,29,7,certificate,2.104
497,11,11,0,3901.850,15344.252,131,23,23,7,certificate,1.146
498,11,11,0,3533.576,14082.878,111,27,27,7,certificate,1.162
499,16,16,0,4599.938,19084.688,119,36,37,7,certificate,1.224
500,10,10,0,4211.052,16985.258,129,27,27,7,certificate,1.483
501,12,12,0,6278.640,21598.198,359,31,33,7,certificate,2.223
502,12,12,0,5402.075,19280.374,274,28,29,7,certificate,1.516
503,14,14,0,4163.854,16989.270,116,27,27,7,certificate,1.297
504,10,10,0,4475.636,18503.180,122,25,25,7,certificate,1.102
505,11,11,0,5609.446,19252.232,314,24,25,7,certificate,1.568
506,14,14,0,4655.602,19223.011,124,30,30,7,certificate,1.056
507,11,11,0,5210.209,17201.044,320,29,30,7,certificate,1.793
508,11,11,0,4039.462,16327.312,121,28,28,7,certificate,1.360
509,15,15,0,4598.369,18891.843,124,26,26,7,certificate,1.236
510,13,13,0,4448.912,18184.562,125,29,29,7,certificate,1.395
511,10,10,0,5152.876,16789.379,325,26,28,7,certificate,1.802
512,13,13,0,3575.346,14141.731,115,26,26,7,certificate,1.200
513,12,12,0,4562.579,19257.894,109,27,27,7,certificate,1.125
514,16,16,0,4391.896,18014.478,119,32,32,7,certificate,1.211
515,11,11,0,3829.255,15086.275,128,29,29,7,certificate,1.404
516,10,10,0,5575.657,19568.284,298,30,31,7,certificate,1.892
517,14,14,0,4767.062,19620.312,128,29,29,7,certificate,1.259
518,12,12,0,3978.420,15897.099,124,30,30,7,certificate,1.332
519,12,12,0,6587.591,18652.954,536,30,32,7,certificate,2.222
520,10,10,0,5185.446,17877.228,289,24,25,7,certificate,1.532
521,10,10,0,3360.918,13009.590,119,23,23,7,certificate,1.129
522,12,12,0,4321.217,17576.084,124,25,25,7,certificate,1.266
523,15,15,0,6104.281,21311.406,332,29,30,7,certificate,1.713
524,14,14,0,4222.557,17187.784,120,30,30,7,certificate,1.292
525,10,10,0,3566.568,14322.839,109,25,25,7,certificate,1.060
526,15,15,0,6342.829,22834.145,314,31,32,7,certificate,1.844
527,12,12,0,4085.297,16466.487,124,29,30,7,certificate,1.310
528,16,16,0,5847.614,21083.068,289,33,34,7,certificate,1.663
529,11,11,0,3980.885,15699.423,132,27,27,7,certificate,1.440
530,10,10,0,4833.927,16434.635,276,27,28,7,certificate,1.661
531,12,12,0,3976.344,15826.722,126,26,26,7,certificate,1.082
532,16,16,0,6943.179,25085.897,343,32,33,7,certificate,1.820
533,12,12,0,3826.640,14698.202,140,30,30,7,certificate,1.283
534,10,10,0,3278.456,12497.280,122,23,23,7,certificate,1.055
535,14,14,0,4578.440,18787.198,126,29,29,7,certificate,1.238
536,12,12,0,4642.636,19128.179,128,31,31,7,certificate,1.451
537,12,12,0,6370.180,22645.901,332,28,29,7,certificate,2.022
538,13,13,0,4130.778,16393.890,132,29,29,7,certificate,1.420
539,13,13,0,6042.386,21366.931,320,28,29,7,certificate,1.913
540,16,16,0,4721.110,19940.548,110,32,32,7,certificate,1.272
541,14,14,0,4013.479,15932.394,126,31,31,7,certificate,1.312
542,16,16,0,4629.264,19441.319,111,31,31,7,certificate,1.308
543,16,16,0,4133.387,16881.935,114,32,32,7,certificate,1.073
544,12,12,0,5301.162,17565.808,319,26,27,7,certificate,1.848
545,12,12,0,4090.003,16680.015,116,31,31,7,certificate,1.440
546,13,13,0,5680.783,20328.917,286,34,35,7,certificate,1.636
547,14,14,0,4211.154,17320.772,114,30,30,7,certificate,1.403
548,10,10,0,4054.648,16168.241,129,24,24,7,certificate,1.282
549,12,12,0,5241.450,16957.252,337,27,28,7,certificate,2.054
550,14,14,0,4187.596,16877.979,124,30,30,7,certificate,1.256
551,16,16,0,4402.672,18583.362,102,30,30,7,certificate,1.107
552,11,11,0,3740.517,14747.587,123,26,26,7,certificate,1.231
553,12,12,0,5427.037,17900.185,334,32,33,7,certificate,2.155
554,13,13,0,4126.219,16691.096,121,26,26,7,certificate,1.307
555,13,13,0,4648.133,19270.666,122,27,27,7,certificate,1.353
556,12,12,0,4051.468,16257.339,124,25,25,7,certificate,1.286
557,16,16,0,4293.785,17463.926,121,30,31,7,certificate,1.167
558,11,11,0,3950.630,15943.150,118,22,22,7,certificate,1.210
559,10,10,0,3825.387,15026.935,129,23,23,7,certificate,1.336
560,12,12,0,4030.960,16589.799,109,22,22,7,certificate,1.033
561,16,16,0,4147.097,17245.485,103,30,30,7,certificate,1.133
562,15,15,0,4199.025,16895.123,125,34,34,7,certificate,1.216
563,11,11,0,3979.813,15519.066,138,27,27,7,certificate,1.675
564,10,10,0,3767.166,14875.828,124,23,23,7,certificate,1.226
565,12,12,0,3809.282,15261.409,117,26,26,7,certificate,1.040
566,11,11,0,4166.070,17165.350,113,24,24,7,certificate,1.156
567,14,14,0,4187.856,17129.281,116,29,29,7,certificate,1.386
568,14,14,0,4008.277,16531.387,106,28,28,7,certificate,1.284
569,14,14,0,4852.144,20160.721,127,28,28,7,certificate,1.365
570,12,12,0,3748.516,15107.579,112,29,29,7,certificate,1.229
571,16,16,0,5245.289,19311.447,241,30,31,7,certificate,1.516
572,13,13,0,5759.277,20231.384,309,29,30,7,certificate,1.699
573,11,11,0,3604.892,14354.460,114,24,24,7,certificate,1.180
574,10,10,0,4309.441,17717.203,120,24,24,7,certificate,1.493
575,13,13,0,4059.292,16551.458,114,28,28,7,certificate,1.330
576,10,10,0,4279.363,17491.814,123,28,28,7,certificate,1.362
577,16,16,0,5886.330,20336.651,330,30,31,7,certificate,1.804
578,14,14,0,4193.337,17096.683,118,27,27,7,certificate,1.225
579,16,16,0,4497.522,18607.612,117,34,34,7,certificate,1.240
580,16,16,0,3746.715,15318.577,102,25,25,7,certificate,0.947
581,13,13,0,4331.147,17660.736,126,28,29,7,certificate,1.431
582,13,13,0,5226.710,17593.549,304,29,30,7,certificate,1.643
583,13,13,0,5319.208,19611.038,239,32,33,7,certificate,1.409
584,14,14,0,5109.631,21743.153,116,34,34,7,certificate,1.179
585,10,10,0,5115.516,17277.581,299,24,25,7,certificate,1.616
586,16,16,0,5560.679,20748.395,245,30,31,7,certificate,1.244
587,15,15,0,4727.391,19391.957,130,35,35,7,certificate,1.283
588,16,16,0,5091.067,21355.334,125,34,34,7,certificate,1.328
589,12,12,0,6125.915,18314.573,458,30,32,7,certificate,2.116
590,12,12,0,3705.972,14589.859,122,29,29,7,certificate,1.095
591,13,13,0,4238.350,17056.751,128,30,30,7,certificate,1.090
592,13,13,0,4062.028,16305.142,123,29,29,7,certificate,1.135
593,12,12,0,4545.798,17508.989,173,29,30,7,certificate,1.381
594,11,11,0,4879.700,20138.501,133,25,25,7,certificate,1.297
595,13,13,0,5005.191,17450.954,269,30,31,7,certificate,1.575
596,14,14,0,5095.064,21775.322,113,32,32,7,certificate,1.315
597,14,14,0,3602.054,14445.268,108,29,29,7,certificate,1.101
598,11,11,0,5549.394,19521.971,292,27,28,7,certificate,1.491
599,11,11,0,3294.914,12469.568,125,29,29,7,certificate,1.216
600,13,13,0,3833.690,15418.449,115,24,24,7,certificate,1.222
601,10,10,0,3694.230,14661.148,119,22,22,7,certificate,1.237
602,15,15,0,5337.072,18810.361,279,33,34,7,certificate,1.624
603,15,15,0,4350.772,18083.862,110,29,29,7,certificate,1.066
604,14,14,0,4242.941,17524.704,112,29,29,7,certificate,1.193
605,15,15,0,4003.611,16393.055,109,29,29,7,certificate,1.147
606,13,13,0,4068.326,16671.630,112,25,25,7,certificate,1.126
607,13,13,0,3911.788,16058.942,107,27,27,7,certificate,1.160
608,13,13,0,6689.702,22923.510,381,26,27,7,certificate,1.897
609,15,15,0,4732.756,19908.782,113,32,32,7,certificate,1.162
610,13,13,0,7082.465,22797.327,467,34,36,7,certificate,2.038
611,10,10,0,3761.387,14411.936,139,25,25,7,certificate,1.349
612,11,11,0,4105.498,16267.489,133,26,26,7,certificate,1.231
613,13,13,0,4107.659,16523.296,124,27,27,7,certificate,1.472
614,14,14,0,7454.509,24797.544,459,35,37,7,certificate,2.098
615,10,10,0,4242.736,16613.679,148,29,30,7,certificate,1.465
616,12,12,0,5292.308,19686.540,236,31,32,7,certificate,1.565
617,10,10,0,4028.665,15978.323,132,29,29,7,certificate,1.362
618,10,10,0,6216.231,19381.154,434,25,27,7,certificate,2.093
619,12,12,0,4385.073,15265.365,231,29,30,7,certificate,1.490
620,10,10,0,3614.780,13883.899,132,25,25,7,certificate,1.313
621,15,15,0,5062.298,20781.492,139,33,33,7,certificate,1.580
622,15,15,0,4629.435,18787.175,133,30,30,7,certificate,1.323
623,16,16,0,4776.001,20020.004,117,33,33,7,certificate,1.158
624,12,12,0,4181.039,17010.194,120,27,27,7,certificate,1.195
625,13,13,0,3892.352,15426.760,124,27,27,7,certificate,1.131
626,12,12,0,4788.150,19915.750,125,27,27,7,certificate,1.296
627,14,14,0,4593.023,18990.113,122,32,32,7,certificate,1.286
628,16,16,0,5708.668,19748.341,318,36,37,7,certificate,1.955
629,10,10,0,4148.584,16577.922,133,23,23,7,certificate,1.363
630,14,14,0,4191.619,17163.096,116,32,32,7,certificate,1.405
631,11,11,0,3712.731,14553.657,126,25,25,7,certificate,1.219
632,11,11,0,4065.495,16467.476,121,28,28,7,certificate,1.266
633,15,15,0,4862.062,19760.308,143,36,37,7,certificate,1.433
634,14,14,0,4549.531,18757.656,122,34,34,7,certificate,1.466
635,10,10,0,3756.783,14853.913,124,24,24,7,certificate,1.353
636,12,12,0,4527.993,18639.965,124,32,32,7,certificate,1.495
637,10,10,0,3613.732,14303.662,118,23,23,7,certificate,1.173
638,16,16,0,4701.104,19715.519,113,29,29,7,certificate,1.131
639,16,16,0,3656.533,15142.665,92,26,26,7,certificate,0.895
640,15,15,0,4856.275,20121.374,126,31,31,7,certificate,1.425
641,13,13,0,4039.284,16106.420,126,26,26,7,certificate,1.306
642,12,12,0,4197.945,17154.727,118,29,29,7,certificate,1.231
643,11,11,0,4183.974,17109.868,119,27,27,7,certificate,1.307
644,15,15,0,4473.214,18751.069,109,27,27,7,certificate,1.007
645,13,13,0,5609.047,19835.233,294,27,28,7,certificate,1.541
646,13,13,0,4848.303,20331.517,121,31,31,7,certificate,1.473
647,13,13,0,3924.853,15834.267,116,29,29,7,certificate,1.366
648,15,15,0,4643.258,19861.290,100,28,28,7,certificate,1.190
649,15,15,0,4749.360,19926.798,116,36,36,7,certificate,1.506
650,11,11,0,3468.381,13666.907,114,25,25,7,certificate,1.112
651,11,11,0,4239.388,17286.940,123,33,33,7,certificate,1.438
652,11,11,0,3884.722,15208.609,132,25,25,7,certificate,1.345
653,16,16,0,4343.818,18159.092,106,32,32,7,certificate,1.413
654,12,12,0,4081.669,16368.344,126,26,26,7,certificate,1.328
655,13,13,0,4304.381,17601.905,122,29,29,7,certificate,1.313
656,16,16,0,5448.967,22854.835,136,37,37,7,certificate,1.209
657,16,16,0,4403.829,17969.145,123,33,33,7,certificate,1.243
658,10,10,0,3649.845,14324.225,123,24,24,7,certificate,1.369
659,15,15,0,4654.731,19608.654,111,31,31,7,certificate,1.331
660,14,14,0,4697.321,19546.604,122,35,35,7,certificate,1.728
661,13,13,0,5507.319,19276.596,296,27,28,7,certificate,1.755
662,15,15,0,4322.122,17520.609,124,27,27,7,certificate,1.150
663,16,16,0,4888.613,20568.065,117,31,31,7,certificate,1.143
664,10,10,0,3950.495,15817.473,124,27,27,7,certificate,1.363
665,16,16,0,4929.801,20074.007,143,35,36,7,certificate,1.483
666,13,13,0,3919.391,15806.954,115,28,28,7,certificate,1.281
667,11,11,0,3449.261,13356.307,121,23,23,7,certificate,1.349
668,14,14,0,3784.571,14877.853,124,26,26,7,certificate,1.133
669,14,14,0,5168.482,21827.408,122,28,28,7,certificate,1.271
670,11,11,0,4072.649,16483.244,121,28,28,7,certificate,1.236
671,12,12,0,5249.081,18725.403,263,30,31,7,certificate,1.703
672,10,10,0,4053.423,16172.117,128,26,26,7,certificate,1.350
673,13,13,0,4884.865,20389.326,124,30,30,7,certificate,1.279
674,11,11,0,4772.339,18421.694,172,27,27,7,certificate,1.747
675,15,15,0,5385.228,21686.142,173,33,35,7,certificate,1.496
676,13,13,0,4439.291,18791.457,103,30,30,7,certificate,1.438
677,14,14,0,4572.548,18982.740,119,30,30,7,certificate,1.340
678,13,13,0,3992.216,15866.080,127,28,28,7,certificate,1.242
679,10,10,0,3219.644,12258.219,121,23,23,7,certificate,1.187
680,12,12,0,4300.295,17731.473,117,25,25,7,certificate,1.196
681,12,12,0,4815.545,20207.724,121,28,28,7,certificate,1.410
682,15,15,0,4697.606,19798.029,111,29,29,7,certificate,1.178
683,11,11,0,3740.290,14901.449,118,23,23,7,certificate,1.036
684,10,10,0,3842.616,15588.078,113,22,22,7,certificate,1.128
685,12,12,0,5923.322,20861.608,314,25,26,7,certificate,1.658
686,10,10,0,3800.960,14999.800,126,25,25,7,certificate,1.277
687,11,11,0,4308.859,17514.293,127,29,29,7,certificate,1.438
688,12,12,0,4138.587,16582.934,128,28,28,7,certificate,1.345
689,12,12,0,3784.256,15221.281,114,26,26,7,certificate,1.269
690,14,14,0,4465.036,17840.178,142,30,31,7,certificate,1.122
691,11,11,0,4404.667,17713.334,136,24,24,7,certificate,1.272
692,13,13,0,3860.994,15679.969,110,26,26,7,certificate,1.158
693,12,12,0,3604.390,14106.948,121,27,27,7,certificate,1.233
694,10,10,0,4473.080,18600.398,119,22,22,7,certificate,1.293
695,15,15,0,4468.313,18456.567,118,35,35,7,certificate,1.424
696,15,15,0,6766.216,24331.081,342,32,33,7,certificate,1.915
697,15,15,0,6045.639,21658.194,307,32,33,7,certificate,1.704
698,10,10,0,4649.575,19307.877,123,28,28,7,certificate,1.332
699,16,16,0,3995.639,15823.197,126,36,36,7,certificate,1.518
700,13,13,0,4542.501,18367.505,136,27,28,7,certificate,1.332
701,14,14,0,5424.997,17529.986,346,32,33,7,certificate,1.683
702,10,10,0,5370.852,17454.258,343,22,24,7,certificate,1.606
703,16,16,0,4741.580,20007.899,111,35,35,7,certificate,1.284
704,12,12,0,5774.903,19034.513,359,30,32,7,certificate,1.673
705,11,11,0,4474.806,18554.028,118,26,26,7,certificate,1.267
706,14,14,0,4585.110,19005.550,120,28,28,7,certificate,1.217
707,12,12,0,3957.801,15759.003,124,26,26,7,certificate,1.192
708,15,15,0,5151.250,21541.248,129,31,31,7,certificate,1.100
709,16,16,0,3987.644,16188.219,113,32,32,7,certificate,1.167
710,13,13,0,4519.400,18577.002,124,26,26,7,certificate,1.389
711,11,11,0,3648.015,14275.075,124,26,26,7,certificate,1.297
712,11,11,0,4119.928,16074.641,143,28,28,7,certificate,1.511
713,11,11,0,4049.154,16445.771,119,26,26,7,certificate,1.574
714,13,13,0,4761.913,19749.567,126,29,29,7,certificate,1.178
715,12,12,0,4561.231,19176.156,112,25,25,7,certificate,1.429
716,10,10,0,4187.030,17140.150,119,21,21,7,certificate,1.328
717,15,15,0,4190.854,17099.270,117,30,30,7,certificate,1.474
718,12,12,0,4350.689,17743.444,125,30,30,7,certificate,1.323
719,10,10,0,3502.597,13677.985,120,23,23,7,certificate,1.324
720,14,14,0,4255.173,17580.864,113,28,28,7,certificate,1.425
721,11,11,0,3913.372,15526.861,127,23,23,7,certificate,1.134
722,12,12,0,4114.550,16577.748,126,30,30,7,certificate,1.380
723,13,13,0,4521.772,18533.859,125,29,29,7,certificate,1.446
724,13,13,0,4198.375,16991.877,123,30,30,7,certificate,1.397
725,15,15,0,4189.648,17398.240,106,32,32,7,certificate,1.379
726,11,11,0,5505.533,17847.667,353,28,29,7,certificate,2.151
727,12,12,0,4211.407,17502.035,109,27,27,7,certificate,1.305
728,16,16,0,4373.135,17620.673,128,29,29,7,certificate,1.124
729,13,13,0,5523.534,19592.669,284,30,31,7,certificate,1.897
730,12,12,0,4257.241,17616.206,112,25,25,7,certificate,1.317
731,13,13,0,3969.853,15904.266,121,28,28,7,certificate,1.391
732,16,16,0,4840.047,20015.237,128,33,33,7,certificate,1.681
733,10,10,0,3545.115,13920.577,119,23,23,7,certificate,1.173
734,11,11,0,3990.469,16262.344,114,25,25,7,certificate,1.432
735,10,10,0,3520.902,13424.512,131,24,24,7,certificate,1.354
736,15,15,0,5004.625,21183.125,117,32,32,7,certificate,1.384
737,14,14,0,4042.191,16095.955,127,26,26,7,certificate,1.226
738,13,13,0,4678.494,19187.472,130,33,33,7,certificate,1.433
739,16,16,0,4800.541,19887.706,125,35,35,7,certificate,1.399
740,14,14,0,4135.894,16874.472,116,28,28,7,certificate,1.431
741,11,11,0,3927.531,15827.653,118,22,22,7,certificate,1.084
742,13,13,0,3950.991,15879.956,118,30,30,7,certificate,1.431
743,12,12,0,3843.425,15842.127,103,28,28,7,certificate,1.360
744,14,14,0,4691.273,19296.365,128,31,31,7,certificate,1.421
745,16,16,0,5145.126,20595.630,166,35,37,7,certificate,1.344
746,12,12,0,4203.821,17029.105,123,24,24,7,certificate,1.425
747,10,10,0,4219.197,17100.984,125,23,23,7,certificate,1.344
748,11,11,0,4796.644,16333.218,274,23,24,7,certificate,1.609
749,14,14,0,4087.644,16748.221,111,28,28,7,certificate,1.301
750,15,15,0,4012.136,16440.682,109,27,27,7,certificate,1.233
751,12,12,0,5082.919,17144.593,299,27,28,7,certificate,1.592
752,10,10,0,3753.849,14524.246,134,22,22,7,certificate,1.428
753,14,14,0,3842.720,15158.598,124,29,29,7,certificate,1.295
754,13,13,0,4577.958,18944.788,121,28,28,7,certificate,1.296
755,11,11,0,4084.926,16644.632,118,30,30,7,certificate,1.444
756,12,12,0,4145.260,16821.300,121,25,25,7,certificate,1.409
757,10,10,0,3940.524,16257.622,107,24,24,7,certificate,1.242
758,11,11,0,4019.367,16036.833,127,29,29,7,certificate,1.455
759,13,13,0,4250.880,17394.400,118,31,31,7,certificate,1.508
760,10,10,0,3637.925,14449.624,117,24,24,7,certificate,1.374
761,11,11,0,5080.587,18772.937,231,27,28,7,certificate,1.537
762,11,11,0,4244.081,17205.406,125,23,23,7,certificate,1.079
763,13,13,0,3814.836,15254.178,117,26,26,7,certificate,1.222
764,11,11,0,3998.620,16428.100,110,24,24,7,certificate,1.265
765,12,12,0,4153.479,16937.397,118,27,28,7,certificate,1.395
766,15,15,0,4172.363,17061.813,115,28,28,7,certificate,1.163
767,10,10,0,3630.157,14555.786,112,23,23,7,certificate,1.378
768,16,16,0,4315.144,17475.719,125,29,29,7,certificate,1.191
769,16,16,0,3507.747,14178.733,99,28,28,7,certificate,0.902
770,16,16,0,4404.526,18067.631,119,33,33,7,certificate,1.291
771,14,14,0,4974.169,21160.844,113,32,32,7,certificate,1.388
772,14,14,0,5246.555,16747.775,342,29,30,7,certificate,1.929
773,10,10,0,4273.704,17603.520,118,28,28,7,certificate,1.417
774,10,10,0,3947.834,15734.172,126,25,25,7,certificate,1.148
775,10,10,0,3733.660,14773.299,121,23,23,7,certificate,1.204
776,10,10,0,3780.888,14764.441,130,27,27,7,certificate,1.526
777,12,12,0,4175.120,16820.599,125,26,26,7,certificate,1.395
778,14,14,0,3986.397,16251.985,112,27,27,7,certificate,1.185
779,15,15,0,4560.672,19023.362,114,33,33,7,certificate,1.396
780,10,10,0,3364.214,13126.071,117,23,24,7,certificate,1.216
781,14,14,0,4009.104,16480.519,108,29,29,7,certificate,1.120
782,15,15,0,4201.733,17258.663,113,30,30,7,certificate,1.194
783,15,15,0,4688.866,19104.331,134,31,31,7,certificate,1.499
784,11,11,0,4065.029,16560.143,117,26,26,7,certificate,1.493
785,15,15,0,4783.706,20123.532,115,34,34,7,certificate,1.537
786,14,14,0,4766.077,20020.385,116,31,31,7,certificate,1.254
787,11,11,0,4144.941,16629.704,128,27,27,7,certificate,1.228
788,15,15,0,4386.486,18037.431,118,33,33,7,certificate,1.255
789,16,16,0,3965.331,15876.656,118,29,29,7,certificate,1.283
790,14,14,0,5209.684,18008.422,286,32,33,7,certificate,1.679
791,12,12,0,4439.941,18394.704,118,33,33,7,certificate,1.326
792,14,14,0,4947.005,20870.024,118,32,32,7,certificate,1.281
793,10,10,0,3881.464,15657.322,117,24,24,7,certificate,1.237
794,13,13,0,5738.578,20552.891,291,28,29,7,certificate,1.789
795,11,11,0,3939.276,15906.380,118,28,28,7,certificate,1.583
796,10,10,0,3858.830,15494.151,119,21,21,7,certificate,1.170
797,14,14,0,5192.443,17712.214,294,33,34,7,certificate,1.454
798,11,11,0,4125.654,16748.271,120,23,23,7,certificate,1.193
799,16,16,0,4517.399,18996.996,107,32,32,7,certificate,1.290
800,14,14,0,4255.373,17376.866,119,27,27,7,certificate,1.235
801,13,13,0,4901.724,20408.618,126,28,28,7,certificate,1.429
802,13,13,0,3793.448,15207.240,115,26,26,7,certificate,1.132
803,11,11,0,5093.431,16327.154,330,24,25,7,certificate,1.901
804,11,11,0,5954.314,20256.572,344,25,26,7,certificate,1.646
805,16,16,0,4984.703,21243.513,110,32,32,7,certificate,1.300
806,15,15,0,4578.014,18985.069,119,31,31,7,certificate,1.300
807,15,15,0,4031.234,16686.168,104,29,29,7,certificate,1.364
808,16,16,0,4119.278,17151.391,102,33,33,7,certificate,1.214
809,15,15,0,5696.426,20882.130,269,35,36,7,certificate,1.848
810,14,14,0,4405.665,18198.323,117,30,30,7,certificate,1.149
811,14,14,0,5042.966,16439.832,311,29,30,7,certificate,1.668
812,10,10,0,3744.107,14835.535,121,23,23,7,certificate,1.229
813,13,13,0,5172.391,17631.956,294,28,29,7,certificate,1.862
814,16,16,0,4159.158,17125.788,110,28,28,7,certificate,1.107
815,14,14,0,4803.796,20008.978,123,30,30,7,certificate,1.681
816,16,16,0,4800.815,20294.076,111,30,30,7,certificate,1.119
817,16,16,0,4760.455,19867.276,119,33,33,7,certificate,1.241
818,12,12,0,5590.150,18960.751,323,29,30,7,certificate,1.709
819,11,11,0,4158.471,17012.356,118,27,27,7,certificate,1.349
820,12,12,0,6179.079,18545.395,455,29,31,7,certificate,2.451
821,12,12,0,4128.116,16685.578,122,28,28,7,certificate,1.146
822,14,14,0,4232.245,17326.223,117,31,31,7,certificate,1.201
823,10,10,0,3916.937,15734.686,120,24,24,7,certificate,1.160
824,14,14,0,4043.726,16418.631,116,28,28,7,certificate,1.150
825,14,14,0,4234.385,17151.924,122,27,27,7,certificate,1.176
826,13,13,0,4906.447,20382.236,128,27,27,7,certificate,1.226
827,11,11,0,5784.724,21353.620,269,26,27,7,certificate,1.718
828,12,12,0,4091.629,16873.146,110,27,27,7,certificate,1.208
829,10,10,0,4337.492,17622.459,128,26,26,7,certificate,1.265
830,10,10,0,3941.185,15475.927,134,25,25,7,certificate,1.217
831,15,15,0,3337.628,13323.142,100,27,27,7,certificate,1.049
832,13,13,0,5570.141,19525.706,297,30,31,7,certificate,1.735
833,11,11,0,4544.375,18676.873,127,30,30,7,certificate,1.718
834,11,11,0,5172.030,17395.152,306,24,25,7,certificate,1.545
835,13,13,0,4934.690,17218.451,263,30,31,7,certificate,1.602
836,14,14,0,4333.269,17721.347,120,32,32,7,certificate,1.288
837,15,15,0,4321.391,17716.953,119,31,31,7,certificate,1.264
838,11,11,0,3550.627,13873.137,120,22,22,7,certificate,1.091
839,13,13,0,4897.811,16984.054,265,30,31,7,certificate,1.821
840,12,12,0,4199.778,17593.889,104,24,24,7,certificate,1.078
841,16,16,0,4282.781,16648.904,145,36,36,7,certificate,1.256
842,13,13,0,3510.574,14022.872,107,30,30,7,certificate,1.093
843,14,14,0,4726.302,19286.508,134,31,31,7,certificate,1.174
844,13,13,0,4097.089,16790.447,113,25,25,7,certificate,1.143
845,12,12,0,3712.610,14678.049,120,27,27,7,certificate,1.311
846,16,16,0,4777.113,19925.564,119,31,31,7,certificate,1.402
847,11,11,0,3830.111,15225.555,122,22,22,7,certificate,1.020
848,10,10,0,5222.026,16800.129,336,26,27,7,certificate,1.865
849,10,10,0,3738.832,15159.162,110,23,23,7,certificate,1.171
850,10,10,0,3764.169,14700.844,130,21,21,7,certificate,1.345
851,14,14,0,4078.432,16782.160,109,26,26,7,certificate,1.200
852,12,12,0,4183.451,16902.255,123,26,26,7,certificate,1.266
853,13,13,0,4232.581,17042.904,127,30,30,7,certificate,1.423
854,10,10,0,6202.470,18402.351,470,24,26,7,certificate,2.110
855,12,12,0,6204.200,23195.999,276,33,34,7,certificate,1.544
856,11,11,0,3829.924,15444.620,115,24,24,7,certificate,1.226
857,13,13,0,3601.462,13897.309,128,27,27,7,certificate,1.300
858,11,11,0,4296.515,17347.575,130,26,26,7,certificate,1.581
859,15,15,0,4505.883,18794.414,114,38,39,7,certificate,1.843
860,16,16,0,4475.624,18643.118,112,32,32,7,certificate,1.283
861,13,13,0,4254.770,17178.848,126,26,26,7,certificate,1.350
862,14,14,0,4417.850,18044.250,126,32,33,7,certificate,1.204
863,14,14,0,4324.668,17963.342,111,29,29,7,certificate,1.267
864,11,11,0,4819.396,15776.982,300,24,25,7,certificate,1.663
865,15,15,0,5098.581,21477.907,122,33,33,7,certificate,1.300
866,15,15,0,4910.916,20669.579,118,32,32,7,certificate,1.678
867,12,12,0,4029.489,16472.446,113,30,30,7,certificate,1.279
868,13,13,0,3933.457,15697.284,123,25,25,7,certificate,1.245
869,11,11,0,6357.777,20103.886,434,27,30,7,certificate,2.004
870,16,16,0,3391.819,13909.094,89,26,26,7,certificate,0.975
871,13,13,0,4925.153,20205.765,138,35,35,7,certificate,1.739
872,15,15,0,4755.346,19691.732,124,31,31,7,certificate,1.269
873,10,10,0,3918.594,15802.972,119,23,23,7,certificate,1.306
874,11,11,0,4280.176,17700.881,115,29,29,7,certificate,1.417
875,15,15,0,6678.119,23840.595,336,39,41,7,certificate,1.845
876,15,15,0,4644.453,19212.263,122,33,33,7,certificate,1.271
877,16,16,0,3968.141,16465.703,100,32,32,7,certificate,1.353
878,14,14,0,4593.002,19145.008,117,28,28,7,certificate,1.385
879,16,16,0,4535.815,18689.075,121,36,36,7,certificate,1.481
880,12,12,0,5785.158,19870.790,329,31,32,7,certificate,2.043
881,12,12,0,5294.935,18274.674,293,26,27,7,certificate,1.819
882,13,13,0,4422.185,18225.927,120,36,37,7,certificate,1.498
883,10,10,0,3264.619,12578.095,117,23,23,7,certificate,1.165
884,16,16,0,4404.466,17792.331,130,31,31,7,certificate,1.432
885,12,12,0,3936.013,15765.063,121,30,30,7,certificate,1.509
886,12,12,0,4299.473,17797.364,114,25,25,7,certificate,1.140
887,15,15,0,4169.620,16308.101,140,31,31,7,certificate,1.348
888,14,14,0,5682.536,20782.678,268,35,36,7,certificate,1.508
889,13,13,0,4754.676,20158.379,111,30,30,7,certificate,1.534
890,10,10,0,3811.404,15207.019,120,23,23,7,certificate,1.533
891,16,16,0,5084.935,21689.676,112,38,38,7,certificate,1.368
892,15,15,0,3997.299,15656.497,132,36,36,7,certificate,1.289
893,11,11,0,4299.436,17607.179,121,24,24,7,certificate,1.286
894,10,10,0,3717.900,14839.500,117,21,21,7,certificate,1.146
895,15,15,0,4015.392,15906.961,126,31,31,7,certificate,1.209
896,11,11,0,3878.129,15900.643,108,26,26,7,certificate,1.407
897,12,12,0,3745.798,14718.992,125,27,27,7,certificate,1.239
898,14,14,0,7470.248,24751.238,466,40,42,7,certificate,2.326
899,15,15,0,5955.545,20942.727,317,29,30,7,certificate,1.754
900,14,14,0,5593.817,20659.083,254,28,30,7,certificate,1.398
901,15,15,0,4940.952,20709.761,121,32,32,7,certificate,1.429
902,16,16,0,4272.726,17693.632,110,35,35,7,certificate,1.363
903,12,12,0,3798.289,15091.443,120,25,25,7,certificate,1.258
904,15,15,0,6092.094,21195.469,331,31,32,7,certificate,1.754
905,12,12,0,3539.268,13896.340,117,24,24,7,certificate,1.240
906,15,15,0,4369.631,17933.153,118,27,27,7,certificate,1.179
907,13,13,0,3953.478,16007.389,115,31,31,7,certificate,1.210
908,14,14,0,3941.487,15757.433,120,26,26,7,certificate,1.371
909,10,10,0,4939.917,16999.583,275,24,26,7,certificate,1.577
910,14,14,0,5652.177,23810.885,137,37,37,7,certificate,1.512
911,16,16,0,5187.268,21551.341,133,35,35,7,certificate,1.543
912,11,11,0,4106.446,16467.232,127,25,25,7,certificate,1.272
913,16,16,0,5372.762,22713.811,126,36,36,7,certificate,1.420
914,10,10,0,4139.135,15805.674,159,21,22,7,certificate,1.288
915,10,10,0,3520.876,13884.380,116,23,23,7,certificate,1.270
916,16,16,0,4260.741,17493.707,116,31,31,7,certificate,1.202
917,16,16,0,4181.258,17396.292,104,32,32,7,certificate,1.110
918,16,16,0,4984.056,20675.279,129,33,33,7,certificate,1.382
919,15,15,0,4569.715,19113.577,113,33,33,7,certificate,1.320
920,10,10,0,3630.664,14193.318,124,23,23,7,certificate,1.291
921,16,16,0,4248.334,17416.668,114,29,29,7,certificate,1.200
922,16,16,0,4484.215,18816.075,108,30,30,7,certificate,1.404
923,12,12,0,4103.193,16545.966,123,25,25,7,certificate,1.302
924,15,15,0,4857.656,20563.281,112,33,33,7,certificate,1.438
925,13,13,0,4785.379,18866.894,165,31,32,7,certificate,1.385
926,15,15,0,4308.822,17839.109,112,33,33,7,certificate,1.392
927,12,12,0,3739.122,15145.609,109,23,23,7,certificate,1.286
928,12,12,0,4060.549,16022.743,135,27,27,7,certificate,1.406
929,11,11,0,5652.517,20317.586,283,25,26,7,certificate,1.784
930,16,16,0,4181.220,17176.098,113,30,30,7,certificate,1.107
931,12,12,0,4053.194,16455.970,118,33,34,7,certificate,1.432
932,11,11,0,4011.807,16339.034,115,22,22,7,certificate,1.187
933,11,11,0,3608.936,14179.680,120,25,25,7,certificate,1.305
934,14,14,0,4130.183,16670.915,122,31,31,7,certificate,1.395
935,16,16,0,4654.769,19283.845,121,32,32,7,certificate,1.370
936,13,13,0,5545.794,19843.969,279,30,31,7,certificate,1.757
937,12,12,0,4270.377,17261.886,129,30,31,7,certificate,1.417
938,11,11,0,3832.788,15183.939,125,24,24,7,certificate,1.200
939,10,10,0,4531.881,18559.406,130,26,26,7,certificate,1.342
940,12,12,0,3824.502,15412.508,114,24,24,7,certificate,1.358
941,16,16,0,4132.712,16913.560,112,33,33,7,certificate,1.144
942,11,11,0,4315.766,17598.832,125,30,30,7,certificate,1.605
943,13,13,0,5403.344,20071.722,244,30,31,7,certificate,1.582
944,11,11,0,5533.542,18577.708,333,22,23,7,certificate,1.704
945,14,14,0,4057.011,16730.057,108,28,29,7,certificate,1.322
946,11,11,0,4412.672,18093.360,124,26,26,7,certificate,1.406
947,15,15,0,4365.351,18126.755,112,31,31,7,certificate,1.508
948,14,14,0,3810.069,14825.345,130,32,32,7,certificate,1.348
949,15,15,0,4546.386,18996.932,112,29,29,7,certificate,0.932
950,15,15,0,6207.546,22507.732,305,36,37,7,certificate,2.134
951,15,15,0,4465.629,18508.144,115,29,29,7,certificate,1.184
952,13,13,0,4621.221,19301.106,117,28,28,7,certificate,1.443
953,11,11,0,3839.124,15525.621,114,25,25,7,certificate,1.434
954,15,15,0,4760.229,19506.144,133,32,32,7,certificate,1.549
955,14,14,0,4376.636,18043.179,116,24,24,7,certificate,1.117
956,12,12,0,5248.648,17928.240,298,27,28,7,certificate,1.662
957,14,14,0,4862.977,20474.883,117,28,28,7,certificate,1.341
958,10,10,0,3983.712,16113.560,119,27,27,7,certificate,1.447
959,15,15,0,5321.522,22197.611,139,38,39,7,certificate,1.550
960,11,11,0,4616.100,19250.500,120,24,24,7,certificate,1.449
961,11,11,0,4507.234,18426.169,129,28,28,7,certificate,1.337
962,15,15,0,4332.843,17944.213,113,33,33,7,certificate,1.306
963,13,13,0,4033.964,16269.822,120,25,25,7,certificate,1.228
964,15,15,0,4365.625,17978.127,117,31,31,7,certificate,1.444
965,14,14,0,4094.951,16494.753,122,32,32,7,certificate,1.334
966,16,16,0,4123.659,16908.296,111,27,27,7,certificate,1.200
967,13,13,0,4010.412,15897.061,128,30,30,7,certificate,1.302
968,16,16,0,5157.314,19281.571,222,32,33,7,certificate,1.212
969,15,15,0,4701.515,19382.573,126,29,29,7,certificate,1.347
970,13,13,0,4034.409,16202.047,121,24,24,7,certificate,1.320
971,14,14,0,4831.958,19574.790,144,32,33,7,certificate,1.440
972,15,15,0,4239.466,17072.330,125,29,29,7,certificate,1.060
973,12,12,0,5365.641,17943.204,320,25,26,7,certificate,1.539
974,12,12,0,5699.869,20164.343,295,29,30,7,certificate,1.896
975,14,14,0,5013.370,21331.849,114,29,29,7,certificate,1.282
976,14,14,0,4056.137,16385.687,118,27,27,7,certificate,1.107
977,11,11,0,4283.508,17467.539,124,25,25,7,certificate,1.102
978,15,15,0,4832.872,20044.359,125,35,35,7,certificate,0.979
979,11,11,0,4063.581,16517.907,118,24,24,7,certificate,0.941
980,13,13,0,4316.277,17476.384,127,27,27,7,certificate,1.353
981,16,16,0,4260.336,17581.679,112,33,33,7,certificate,1.329
982,14,14,0,5004.740,19358.702,191,30,31,7,certificate,1.583
983,13,13,0,4034.347,15916.734,131,28,28,7,certificate,1.336
984,12,12,0,4480.289,18521.443,120,26,26,7,certificate,1.148
985,14,14,0,4248.100,17000.498,131,30,31,7,certificate,0.964
986,13,13,0,5569.825,19464.123,299,31,32,7,certificate,1.233
987,16,16,0,4731.370,20026.849,109,33,33,7,certificate,1.343
988,11,11,0,4241.960,16879.802,135,27,27,7,certificate,1.359
989,12,12,0,5056.339,20981.696,134,26,26,7,certificate,1.436
990,13,13,0,3716.083,14685.414,120,28,28,7,certificate,1.056
991,12,12,0,4212.872,17084.359,123,28,28,7,certificate,0.939
992,15,15,0,5287.916,18874.580,267,31,32,7,certificate,1.211
993,15,15,0,4115.333,17161.664,102,27,27,7,certificate,0.727
994,12,12,0,4151.214,16396.069,136,28,28,7,certificate,1.393
995,16,16,0,3806.056,15500.282,105,27,27,7,certificate,0.861
996,14,14,0,4718.245,19611.224,122,29,29,7,certificate,1.017
997,14,14,0,5767.814,20624.071,294,32,33,7,certificate,1.147
998,13,13,0,4242.171,17430.856,116,27,27,7,certificate,0.813
999,12,12,0,3986.620,16158.099,116,29,29,7,certificate,0.689
